prompt_id,category,complexity,prompt,response,ttft_ms,e2e_latency_ms,avg_itl_ms,tps,input_tokens,output_tokens,chunk_count,error
44067482,writing,Low,"Compose an engaging travel blog post about a recent trip to Hawaii, highlighting cultural experiences and must-see attractions. Rewrite your previous response. Start every sentence with the letter A.","Absolutely, here's an engaging travel blog post about a recent trip to Hawaii, highlighting cultural experiences and must-see attractions:

Aloha to all travel enthusiasts! A recent trip to Hawaii was an unforgettable adventure filled with stunning landscapes, rich culture, and unique experiences. A paradise that offers both relaxation and adventure, Hawaii is a must-visit destination for any globetrotter. A highlight of my journey was exploring the vibrant local culture, which is deeply rooted in ancient traditions and modern-day influences.

A visit to the historic town of Hilo was an absolute delight. A place where you can immerse yourself in the rich history and traditions of the Hawaiian people, Hilo offers a glimpse into the past through its museums and cultural centers. A particularly memorable experience was attending a traditional Hawaiian luau, where I was treated to an evening of authentic Hawaiian music, dance, and cuisine. A feast of fresh seafood and tropical fruits was served, accompanied by the rhythmic sounds of the ukulele and the graceful movements of hula dancers.

Aside from cultural experiences, Hawaii boasts some of the most breathtaking natural attractions in the world. A highlight was a hike through the Waimea Canyon, often referred to as the ""Grand Canyon of the Pacific."" A journey through this magnificent canyon revealed stunning vistas and diverse ecosystems, from lush rainforests to arid valleys. Another must-see attraction was the iconic Waimea Bay, famous for its beautiful beaches and world-class surfing spots. A chance to try surfing in the crystal-clear waters was an exhilarating experience that I will cherish forever.

A trip to Hawaii wouldn't be complete without visiting the lush botanical gardens of Kula. A serene escape from the hustle and bustle of the islands, these gardens are home to a vast array of tropical plants and flowers. A stroll through the gardens provided a peaceful retreat and a chance to appreciate the island's natural beauty.

A final highlight was a visit to the stunning beaches of Waikiki. A perfect blend of relaxation and excitement, Waikiki offers pristine sands, clear blue waters, and a vibrant nightlife. A sunset at Waikiki Beach was a perfect way to cap off my Hawaiian adventure, with the sun setting over the horizon and the city lights twinkling in the distance.

A trip to Hawaii is truly a journey of a lifetime, filled with unforgettable experiences and memories that will last a lifetime. A blend of rich culture, stunning natural beauty, and warm hospitality makes Hawaii a destination that truly stands out.",570.2756999526173,2795.708999969065,4.541700612278465,220.18184054151544,37,490,242,
46091167,stem,Low,"In the field of quantum physics, what is superposition, and how does it relate to the phenomenon of quantum entanglement? What assumptions have you made in your response? Are they valid?","In quantum physics, **superposition** is a fundamental principle that describes a quantum system's ability to exist in multiple states or configurations simultaneously until it is measured. When a quantum system is in superposition, it means that it is not in a definite state but rather in a combination of all possible states, each with a certain probability. For example, an electron in a quantum system can be in a superposition of both spin-up and spin-down states until a measurement is made.

**Quantum entanglement** is a phenomenon where pairs or groups of particles become interconnected in such a way that the quantum state of one particle cannot be described independently of the state of the other(s), even when the particles are separated by large distances. When particles are entangled, the measurement of one particle instantaneously influences the state of the other, no matter how far apart they are.

**Relationship between superposition and entanglement:**

1. **Superposition** allows for the existence of multiple states at once, which is a prerequisite for entanglement. Without superposition, particles could not exist in a combined state that leads to entanglement.
   
2. **Entanglement** involves correlations between quantum states that arise from superposition. When two particles are entangled, the superposition of their combined states means that measuring one particle's state will determine the state of the other.

**Assumptions made in the response:**

1. **Understanding of basic quantum mechanics:** The response assumes that the reader has a foundational understanding of quantum mechanics, including concepts like wave functions, probability amplitudes, and measurement in quantum systems.
   
2. **Classical communication limitations:** The response assumes that the reader understands the limitations of classical communication, which is necessary to grasp why entangled particles exhibit correlations that cannot be explained by classical means.

3. **Interpretation of quantum mechanics:** The response assumes a particular interpretation of quantum mechanics (typically the Copenhagen interpretation), which describes how and when quantum superpositions ""collapse"" upon measurement.

**Validity of assumptions:**

1. **Foundational knowledge:** The assumption that the reader has basic quantum mechanics knowledge is valid if the question is posed in a context where such knowledge is expected (e.g., a physics forum or advanced course).

2. **Classical communication limitations:** This assumption is valid because it is a fundamental aspect of quantum physics that distinguishes it from classical physics. The non-locality implied by entanglement cannot be explained by classical communication theories.

3. **Interpretation of quantum mechanics:** While there are multiple interpretations of quantum mechanics (such as the Many-Worlds interpretation, objective collapse models, etc.), the Copenhagen interpretation is one of the most widely taught and discussed, making it a reasonable assumption for a general audience.

In summary, superposition is a key principle that enables quantum entanglement, and the assumptions made in the response are generally valid within the context of discussing these concepts in quantum physics.",527.1691998932511,2416.287000058219,3.291145993318759,303.84553041100736,36,574,207,
57239570,stem,Low,What is the central dogma of molecular biology? What processes are involved? Who named this? Identify and fix one incorrect fact in your previous response.,"The central dogma of molecular biology describes the process by which the genetic information in DNA is transcribed into RNA and then translated into proteins, which are the functional molecules that carry out most life processes. The central dogma can be summarized in three main processes:

1. **DNA Replication**: The duplication of DNA before cell division.
2. **Transcription**: The synthesis of RNA from a DNA template.
3. **Translation**: The synthesis of proteins from an RNA template.

The central dogma was formulated by **Francis Crick** in 1958. It originally stated that information flows from DNA to RNA to protein, emphasizing that the flow of genetic information is unidirectional.

**Incorrect Fact to Fix:**
An incorrect fact that sometimes appears in lay summaries is that the central dogma implies that proteins can somehow dictate the sequence of DNA, which is not true. The central dogma strictly describes the flow of genetic information from DNA to RNA to protein, not the reverse.

**Corrected Fact:**
The central dogma of molecular biology describes the flow of genetic information from DNA to RNA to protein, and it does not suggest that proteins can dictate the sequence of DNA.",728.6853999830782,1442.0195000711828,3.0747159486556233,325.2332952698398,29,232,87,
65106343,stem,Low,"Please explain the differences between exothermic and endothermic reactions, and include the criteria you used to distinguish between them. Additionally, please provide a real-world example to illustrate your explanation. Can a process involve both reactions? List one.","Certainly! Let's delve into the differences between exothermic and endothermic reactions, the criteria used to distinguish them, and provide a real-world example. We'll also explore whether a process can involve both types of reactions.

### Exothermic vs. Endothermic Reactions

**Exothermic Reactions:**
- **Definition:** Exothermic reactions are chemical reactions that release energy in the form of heat to their surroundings.
- **Criteria:** These reactions result in a decrease in the temperature of the surroundings because they release energy.
- **Sign:** The change in enthalpy (ΔH) is negative (ΔH < 0).

**Endothermic Reactions:**
- **Definition:** Endothermic reactions are chemical reactions that absorb energy from their surroundings in the form of heat.
- **Criteria:** These reactions result in an increase in the temperature of the surroundings because they absorb energy.
- **Sign:** The change in enthalpy (ΔH) is positive (ΔH > 0).

### Distinguishing Criteria

The primary criterion used to distinguish between exothermic and endothermic reactions is the transfer of heat:
- **Exothermic Reactions:** Release heat to the surroundings.
- **Endothermic Reactions:** Absorb heat from the surroundings.

### Real-World Example

**Exothermic Reaction Example: Combustion of Methane**
The combustion of methane (CH₄) is an exothermic reaction. The chemical equation is:
\[ \text{CH}_4(g) + 2\text{O}_2(g) \rightarrow \text{CO}_2(g) + 2\text{H}_2\text{O}(g) + \text{energy} \]
In this reaction, methane reacts with oxygen to produce carbon dioxide and water, releasing a significant amount of heat energy. This is why combustion reactions are often used as a source of heat.

**Endothermic Reaction Example: Photosynthesis**
Photosynthesis is an endothermic reaction. The chemical equation is:
\[ 6\text{CO}_2 + 6\text{H}_2\text{O} + \text{light energy} \rightarrow \text{C}_6\text{H}_{12}\text{O}_6 + 6\text{O}_2 \]
In this reaction, plants absorb light energy from the sun to convert carbon dioxide and water into glucose and oxygen. This process absorbs energy from the surroundings.

### Can a Process Involve Both Reactions?

Yes, a process can involve both exothermic and endothermic reactions. Such processes are often found in complex chemical pathways or in systems where multiple reactions occur simultaneously or sequentially.

**Example: Thermite Reaction**
Thermite reactions involve both exothermic and endothermic steps:
1. **Exothermic Step:** When the thermite mixture (aluminum powder and iron oxide) is ignited, it undergoes a highly exothermic reaction, releasing a large amount of heat:
\[ 2\text{Al} + \text{Fe}_2\text{O}_3 \rightarrow 2\text{Fe} + \text{Al}_2\text{O}_3 + \text{heat} \]
2. **Endothermic Step:** During the reaction, the high temperatures generated can cause the formation of intermediate compounds that may require energy to stabilize, although this is secondary compared to the primary exothermic nature of the reaction.

In summary, exothermic reactions release energy, while endothermic reactions absorb energy. Both types of reactions can occur in a single process, as seen in complex chemical pathways or reactions like the thermite reaction.",577.7028000447899,2474.259299924597,2.5944685360872874,385.43539306439146,47,731,214,
25568812,stem,Low,How have the Alps and Rhine River influenced settlement and agriculture in Western Europe? List three impacts. How could you design a concrete but simple experiment to validate the first impact?,"The Alps and Rhine River have significantly influenced settlement and agriculture in Western Europe in various ways. Here are three notable impacts:

1. **Natural Barriers and Defense**: The Alps have historically served as a natural barrier, protecting settlements from invasions and providing a defensive advantage. This has led to the development of fortified towns and cities along the foothills and valleys, where the terrain is more accessible.

2. **Trade and Transportation Routes**: The Rhine River has been a crucial waterway for trade and transportation since ancient times. It facilitated the movement of goods, people, and ideas, leading to the establishment of prosperous cities along its banks, such as Basel, Strasbourg, and Cologne.

3. **Agricultural Productivity**: The fertile plains and valleys in the regions surrounding the Rhine River have supported intensive agriculture. The river provides water for irrigation, and the rich alluvial soil has enabled the cultivation of a variety of crops, including grains, fruits, and vegetables.

### Designing an Experiment to Validate the First Impact

To validate the first impact—how the Alps have influenced settlement patterns due to their role as a natural barrier—we can design a simple but concrete experiment:

**Objective**: To determine the correlation between the presence of the Alps and the density of settlements in the foothills and valleys compared to more remote areas.

**Hypothesis**: Settlements are more densely populated in the foothills and valleys of the Alps due to the protective and defensive advantages provided by the mountain range.

**Methodology**:

1. **Select Study Areas**: Choose several regions in Western Europe that are directly influenced by the Alps, focusing on areas in the foothills and valleys versus more remote, less accessible areas.

2. **Data Collection**:
   - **Population Density Data**: Obtain historical and current population density data for each selected region from national census data or reliable demographic sources.
   - **Geographical Data**: Collect topographical data on the elevation and proximity to the Alps for each region.

3. **Control Variables**: Ensure that other factors such as climate, soil fertility, and economic opportunities are comparable across the selected regions to isolate the effect of the Alps.

4. **Analysis**:
   - Use statistical methods (e.g., regression analysis) to compare the population density in the foothills and valleys of the Alps with that of more remote areas.
   - Look for patterns that show higher population density in areas closer to the protective influence of the Alps.

**Expected Outcome**: If the hypothesis is correct, we should observe higher population densities in the foothills and valleys of the Alps compared to more remote areas, indicating that the natural barrier provided by the Alps has influenced settlement patterns.

By conducting this experiment, we can provide empirical evidence to support the historical and cultural impact of the Alps on settlement patterns in Western Europe.",1704.1880001779646,3588.3302001748234,3.407128752254718,293.5022632585385,34,553,208,
47292991,humanities,Low,"Provide insights into the correlation between economic indicators such as GDP, inflation, and unemployment rates. Explain how fiscal and monetary policies affect those indicators. Now, explain them again like I'm five.","Sure, let's break it down!

### For Everyone:

**Economic Indicators:**
1. **GDP (Gross Domestic Product):** This is a measure of the total value of all goods and services produced in a country in a given period. It's like the total amount of money made from everything people buy and sell in a country.
   
2. **Inflation:** This is the rate at which the general level of prices for goods and services is rising, and, subsequently, purchasing power is falling. Think of it as when the same amount of money buys fewer things over time.

3. **Unemployment Rate:** This is the percentage of people who want to work but can't find a job. It's like how many people are looking for a job but can't get one.

**Fiscal and Monetary Policies:**
- **Fiscal Policy:** This involves government spending and taxation. If the government spends more money or lowers taxes, people have more money to spend, which can boost GDP and reduce unemployment. But it might also lead to higher inflation if the economy can't handle more money.
  
- **Monetary Policy:** This is controlled by the central bank and involves managing the money supply and interest rates. Lowering interest rates can make borrowing cheaper, encouraging businesses to invest and people to spend, which can boost GDP and reduce unemployment. But it can also lead to higher inflation if too much money is chasing too few goods.

### For a Five-Year-Old:

**Economic Indicators:**
1. **GDP:** Imagine if we counted all the toys, ice creams, and games made in our big playground (country). That's how much fun stuff we have made in a year.
   
2. **Inflation:** If one day, the price of your favorite toy goes up, that's inflation. Now, the same amount of candy won't buy as many toys.
   
3. **Unemployment Rate:** This is like how many kids are standing around without a game to play. If lots of kids can't find a game, that's a high unemployment rate.

**Fiscal and Monetary Policies:**
- **Fiscal Policy:** If the playground manager (government) buys more swings and slides, kids will be happier and play more (GDP goes up). But if they spend too much on new toys, the price of each toy might go up (inflation).
  
- **Monetary Policy:** If the manager makes it really easy to borrow money to buy toys (lower interest rates), kids will buy more toys and have more fun (GDP goes up). But if there's too much money, each toy might cost more (inflation).

Hope that helps!",600.4008001182228,2381.857900181785,3.2098326127271393,311.54272532310637,39,555,203,
68280443,humanities,Low,How do the stages of life shape our understanding of time and mortality? Write an allegorical poem that illustrates the above.,"In the garden where the seasons bloom,
A river flows, its currents true,
From the cradle of the morning's light,
To the twilight's gentle, quiet night.

The river's source, a crystal spring,
Where innocence and wonder sing,
A child's laughter, pure and free,
Unaware of life's decree.

As the river winds and bends,
Through the meadows, fields, and fens,
It meets the youth, a vibrant stream,
With dreams and hopes that brightly gleam.

The river's flow, now swift and bold,
Through forests deep and stories old,
Where love and loss begin to weave,
And time's first shadows start to grieve.

The river turns, a winding path,
Through the lands of life's great wrath,
Where struggles rise and fears take flight,
And wisdom's seeds begin to sprout.

The river's course now deep and wide,
Through the plains where truths abide,
Where laughter fades, and tears may fall,
And memories start to enthrall.

As the river nears its end,
Through the vale where time transcends,
It meets the elder, wise and still,
With stories etched upon the will.

The river's flow, now slow and calm,
Through the twilight's gentle psalm,
Where reflections on the past,
And dreams of future shadows cast.

The river's mouth, a final shore,
Where life and time forever more,
Converge in peace, a quiet rest,
Where mortal fears find their release.

In this garden, where the river flows,
Through the stages life bestows,
We learn the dance of time and fate,
And in mortality, we find our state.

For every stage, a lesson clear,
In life's grand, eternal sphere,
We understand, with every breath,
That time is but a river's path.",683.8144999928772,2425.368499942124,4.619506631165111,216.47333359228983,23,377,194,
60780117,humanities,Low,Discuss antitrust laws and their impact on market competition. Compare the antitrust laws in US and China along with some case studies. Pick one case study and explain it in detail.,"### Antitrust Laws and Their Impact on Market Competition

**Antitrust laws** are regulations designed to promote competition and protect consumers by preventing monopolistic practices. These laws aim to ensure that businesses do not engage in practices that could stifle competition, such as price fixing, market division, and other anti-competitive behaviors. The primary goal is to maintain a level playing field where businesses compete fairly.

#### Impact on Market Competition

Antitrust laws have a significant impact on market competition by:

1. **Preventing Monopolies:** By preventing companies from gaining excessive market power, antitrust laws help maintain competitive markets.
2. **Promoting Innovation:** Competition encourages companies to innovate to attract customers, which can lead to better products and services.
3. **Protecting Consumers:** By ensuring fair competition, antitrust laws help keep prices in check and improve product quality.
4. **Encouraging Market Entry:** Antitrust regulations can make it easier for new businesses to enter the market, fostering competition.

### Comparison of Antitrust Laws in the US and China

**United States:**

- **Primary Legislation:** The Sherman Antitrust Act of 1890, the Clayton Act of 1914, and the Federal Trade Commission Act of 1914.
- **Enforcement Agencies:** The Federal Trade Commission (FTC) and the Department of Justice (DOJ), particularly the Antitrust Division.
- **Approach:** The US approach is characterized by a robust enforcement mechanism with a focus on both horizontal (between competitors) and vertical (between businesses at different levels of production) anti-competitive practices.
- **Notable Cases:** The breakup of AT&T in the 1980s, Microsoft antitrust case in the early 2000s.

**China:**

- **Primary Legislation:** The Anti-Monopoly Law (AML) enacted in 2008.
- **Enforcement Agency:** The National Development and Reform Commission (NDRC).
- **Approach:** China's antitrust enforcement has been evolving. Initially, it was criticized for being less stringent compared to Western countries. However, recent years have seen a more aggressive stance against monopolistic practices.
- **Notable Cases:** The investigation into Alibaba and Tencent for monopolistic practices, and the scrutiny of foreign companies like Google.

### Case Study: The Microsoft Antitrust Case (US)

#### Background

In the late 1990s, the U.S. Department of Justice (DOJ) and 20 state attorneys general filed a lawsuit against Microsoft, alleging that the company had engaged in anti-competitive practices to maintain its monopoly in the PC operating system market, specifically through its Windows OS.

#### Allegations

1. **Market Division:** Microsoft was accused of dividing the market between its Internet Explorer browser and Netscape Navigator.
2. **Exclusive Contracts:** Microsoft was alleged to have used its monopoly in the operating system market to force computer manufacturers to bundle Internet Explorer with Windows, thereby stifling competition.
3. **Refusal to Deal:** Microsoft was accused of refusing to provide competitors with necessary information to develop compatible software.

#### Legal Proceedings

The case went to trial in 1998, and in 1999, a federal judge ruled that Microsoft had violated antitrust laws. The judge proposed a breakup of Microsoft into two separate companies, which was later rejected by a federal appeals court.

#### Settlement

In 2001, Microsoft reached a settlement with the DOJ and the states. The settlement required Microsoft to make significant changes to its business practices, including:

- Providing more information to computer manufacturers to allow for the installation of competing web browsers.
- Allowing for the separation of the Internet Explorer browser from the Windows operating system.

#### Impact

The Microsoft antitrust case had several significant impacts:

1. **Legal Precedent:** It set a precedent for future antitrust enforcement, emphasizing the importance of fair competition in technology markets.
2. **Business Practices:** It led to changes in Microsoft's business practices and increased scrutiny of the tech industry.
3. **Market Dynamics:** It helped foster competition in the web browser market, leading to the rise of alternative browsers like Firefox.

### Conclusion

Antitrust laws play a crucial role in maintaining competitive markets and protecting consumers. While the United States has a long-standing and robust framework for antitrust enforcement, China has been evolving its approach in recent years. The Microsoft antitrust case remains a landmark in antitrust enforcement, highlighting the importance of fair competition and the consequences of monopolistic practices.",560.4624999687076,3617.464399896562,3.3264438519345534,300.62133753390486,34,919,348,
14125357,humanities,Low,Share ideas for adapting art masterpieces into interactive experiences for children. List 5 specific artworks and associated ideas. Write a concrete plan for your second example. Include budget estimates.,"Certainly! Here are five ideas for adapting art masterpieces into interactive experiences for children:

1. **""The Starry Night"" by Vincent van Gogh**
   - **Idea:** Create a virtual reality (VR) experience where children can explore a 3D model of the village depicted in the painting, interact with elements like the windmill, and even paint their own version of the night sky.

2. **""The Persistence of Memory"" by Salvador Dalí**
   - **Idea:** Develop an augmented reality (AR) app where children can overlay the melting clocks on their environment, manipulate them, and learn about the concept of time and dreams.

3. **""Girl with a Pearl Earring"" by Johannes Vermeer**
   - **Idea:** Design an interactive museum exhibit where children can use touch screens to learn about the painting, try on virtual ""pearl earrings,"" and create their own portraits using the same techniques.

4. **""The Great Wave off Kanagawa"" by Hokusai**
   - **Idea:** Create a hands-on workshop where children can build their own wave models using foam and paint, and then use a projector to display the wave in the classroom, teaching them about Japanese art and wave dynamics.

5. **""The Scream"" by Edvard Munch**
   - **Idea:** Develop an interactive digital storytelling platform where children can explore the emotions depicted in the painting through a series of animated scenes and choose different paths to see how the figure's emotions might change.

### Concrete Plan for ""The Persistence of Memory"" by Salvador Dalí

**Title:** ""Dream Time: An Interactive Adventure with Salvador Dalí's 'The Persistence of Memory'""

**Objective:** To engage children in an interactive AR experience that teaches them about Salvador Dalí's painting and the concept of time.

**Target Audience:** Children aged 6-12

**Duration:** 1 hour

**Materials Needed:**
- Tablets/smartphones for AR experience (1 per child)
- Projector for group viewing (optional)
- Educational worksheets and coloring pages
- Soft play area for children to relax and discuss their experiences

**Step-by-Step Plan:**

1. **Introduction (10 minutes)**
   - Brief introduction to Salvador Dalí and his famous painting ""The Persistence of Memory.""
   - Show a short video clip about the painting and its symbolism.

2. **Interactive AR Experience (20 minutes)**
   - Children use tablets to access the AR app.
   - The app overlays the painting onto their environment, allowing them to interact with the melting clocks and other elements.
   - Children can manipulate the clocks and explore different scenarios, learning about the fluidity of time.

3. **Group Discussion (15 minutes)**
   - Gather children to discuss their experiences.
   - Ask questions like: ""What did you see when you moved the clocks?"" and ""How did it make you feel?""
   - Facilitate a discussion on the concept of time and dreams.

4. **Creative Activity (15 minutes)**
   - Provide educational worksheets where children can draw their own versions of the melting clocks.
   - Offer coloring pages based on the painting for children to complete.

5. **Wrap-Up (5 minutes)**
   - Recap the main points learned.
   - Encourage children to share any interesting ideas or feelings they had during the experience.

**Budget Estimate:**

1. **AR App Development:**
   - Cost: $5,000
   - Description: Custom AR app tailored for children to interact with ""The Persistence of Memory.""

2. **Tablets/Smartphones:**
   - Cost: $2,000
   - Description: 20 tablets/smartphones for children to use during the experience.

3. **Projector (if used):**
   - Cost: $500
   - Description: High-quality projector for group viewing sessions.

4. **Educational Materials:**
   - Cost: $300
   - Description: Worksheets, coloring pages, and other educational materials.

5. **Miscellaneous:**
   - Cost: $200
   - Description: Soft play area supplies, printing costs, and other minor expenses.

**Total Estimated Budget: $7,500**

This budget ensures a comprehensive and engaging interactive experience for children, combining technology with art education.",636.2458998337388,3617.5174999516457,3.3384900337266594,299.53661382769775,34,893,332,
6404588,humanities,Low,Explain what's base rate fallacy and list five specific examples of how politicians use it for campaigns. Provide a detailed plan for an election campaign using the first example.,"### Base Rate Fallacy

The base rate fallacy occurs when people ignore or undervalue general statistical information (base rates) in favor of specific information or anecdotal evidence. This cognitive bias can lead to incorrect judgments and decisions.

### Examples of Politicians Using Base Rate Fallacy in Campaigns

1. **Highlighting Rare but Dramatic Events**: Politicians might focus on rare but highly visible events to sway public opinion.
2. **Using Anecdotal Evidence**: They may use personal stories or isolated incidents to make a broader point, ignoring statistical data.
3. **Misleading Comparisons**: Politicians might compare current situations to extreme historical events to create a sense of urgency.
4. **Cherry-Picking Data**: They might select data that supports their argument while ignoring data that contradicts it.
5. **Overemphasizing Recent Events**: Politicians may focus on recent events to make it seem like a trend is more significant than it actually is.

### Detailed Plan for an Election Campaign Using the First Example

**Example: Highlighting Rare but Dramatic Events**

**Campaign Objective**: To create a sense of urgency and fear regarding crime in the community, thereby gaining support for tougher law enforcement policies.

#### Campaign Phases

1. **Research and Data Collection**
   - **Identify Rare but Dramatic Events**: Gather data on rare but highly visible crimes (e.g., high-profile kidnappings, violent robberies).
   - **Contextualize the Data**: Provide context to show that - The generated text has been blocked by our content filters.",1760.5171999894083,3236.783199943602,11.950066393302357,0.0,33,0,123,
97392077,humanities,Low,Which methods did Socrates employ to challenge the prevailing thoughts of his time? Let's bring Socrates to modern world. Generate a conversation between Socrates and Bill Gates to debate on generative AI for education.,"Certainly! Let's imagine a conversation between Socrates and Bill Gates, set in a modern context where they debate the implications of generative AI in education. This conversation will blend Socratic questioning with modern technological insights.

---

**Setting:** A serene, modern conference room with large windows overlooking a tech park. Socrates is dressed in his traditional toga, while Bill Gates is in a casual but sharp business suit.

**Socrates:** Greetings, esteemed Bill Gates. I am curious to understand your thoughts on this new technology you refer to as generative AI and its role in education.

**Bill Gates:** Socrates, it's an honor to discuss this with you. Generative AI has the potential to revolutionize education by personalizing learning experiences, providing instant feedback, and even creating educational content that adapts to each student's needs.

**Socrates:** Fascinating! You speak of a tool that tailors knowledge to the individual. But tell me, Bill, does this not risk replacing the human teacher's role, and could it lead to a form of education that lacks critical thinking?

**Bill Gates:** That's a valid concern, Socrates. While generative AI can assist in delivering personalized content, the human teacher's role in guiding, questioning, and fostering critical thinking remains irreplaceable. AI should be a tool to enhance, not replace, educators.

**Socrates:** Ah, I see. You advocate for a symbiotic relationship between AI and educators. But consider this: if students rely heavily on AI for answers, might they become less adept at independent thought and problem-solving?

**Bill Gates:** It's a delicate balance, Socrates. The key is to use AI to free up teachers to focus more on guiding students in critical thinking and creativity rather than on administrative tasks. We need to ensure that AI complements rather than undermines these essential skills.

**Socrates:** So, the essence of education, in your view, would still revolve around fostering the mind's ability to think deeply and question. Yet, what safeguards do we have to ensure that generative AI does not propagate misinformation or biases?

**Bill Gates:** That's a critical issue. We need robust ethical guidelines and continuous oversight to ensure AI systems are fair, transparent, and free from biases. It's essential to involve diverse stakeholders in the development and deployment of these technologies.

**Socrates:** Indeed, the integrity of knowledge is paramount. And what of the students' privacy? How do we ensure that the data collected by AI systems is protected and used responsibly?

**Bill Gates:** Privacy is non-negotiable. We must adhere to strict data protection regulations to ensure that student data is secure and used only for educational purposes. Transparency with students and their guardians about data usage is crucial.

**Socrates:** Your responses are thoughtful, Bill. It seems we both agree that while generative AI holds great promise, its integration into education must be handled with care, ensuring it serves to enhance rather than hinder the pursuit of true knowledge and critical thinking.

**Bill Gates:** Absolutely, Socrates. It's a journey that requires constant vigilance, ethical considerations, and a commitment to the core principles of education.

**Socrates:** Then let us proceed with wisdom, ensuring that the tools we adopt do not become the masters of our minds. Thank you for this enlightening discourse, Bill.

**Bill Gates:** Thank you, Socrates, for your timeless wisdom. It's been a pleasure to engage in this dialogue.

---

This imagined conversation blends Socratic questioning with modern concerns about technology in education, highlighting the timeless nature of critical thinking and ethical considerations.",612.7251998987049,3344.113799976185,3.7467607682818658,266.8972111765132,39,729,314,
36620167,humanities,Low,What are some business etiquette norms when doing business in Japan? Create a video script for training new employees of a car wash business in Japan. Highlight the above etiquette norms.,"**Title: Business Etiquette in Japan for Our Car Wash Business Team**

**[Opening Scene: Bright, modern office setting with team members seated in a circle]**

**Narrator (Voiceover):**
""Welcome to our training session on business etiquette in Japan. As we expand our car wash business into this vibrant market, understanding and respecting local customs is crucial for success. Let’s dive into some key etiquette norms that will help us build strong business relationships in Japan.""

**[Scene Transition: Visuals of traditional Japanese business settings, like offices and meeting rooms]**

**Narrator (Voiceover):**
""First, let’s talk about **respect and hierarchy**. Japanese business culture places a high value on respect for authority and seniority. Always address your superiors formally, using titles like'san' after their name, for example, 'Tanaka-san'. Avoid using first names unless explicitly invited to do so.""

**[Scene: Close-up of a business card being exchanged]**

**Narrator (Voiceover):**
""When exchanging business cards, or'meishi,' do it with both hands, presenting it with the card face down. Take a moment to look at the card carefully before putting it away respectfully.""

**[Scene: Group of people in a meeting, bowing slightly]**

**Narrator (Voiceover):**
""Bowing is a common greeting in Japan. A slight bow shows respect and acknowledgment. It’s appropriate to bow when meeting someone for the first time, during meetings, and even when taking leave.""

**[Scene: A person in a meeting, speaking softly]**

**Narrator (Voiceover):**
""Communication in Japan tends to be more indirect and less confrontational. It’s important to listen carefully and read between the lines. Avoid direct disagreement in meetings; instead, use phrases like 'I see' or 'That’s an interesting point' to show you are considering the idea.""

**[Scene: A team member handing over a gift]**

**Narrator (Voiceover):**
""Gift-giving is another important aspect. When visiting a client’s office, it’s customary to bring a small, thoughtful gift. It doesn’t have to be expensive, but it should be something that shows your appreciation and thoughtfulness.""

**[Scene: A team member attending a business lunch]**

**Narrator (Voiceover):**
""During business meals, it’s polite to wait for the eldest or most senior person to start eating before you begin. Also, avoid sticking chopsticks upright in rice, as this resembles a funeral ritual.""

**[Scene: A team member shaking hands]**

**Narrator (Voiceover):**
""When shaking hands, a firm but gentle grip is appropriate. It’s also customary to exchange business cards during the handshake.""

**[Closing Scene: Team members smiling and nodding in agreement]**

**Narrator (Voiceover):**
""By understanding and practicing these business etiquette norms, we can foster better relationships and ensure smooth operations in our Japanese market. Remember, respect and politeness go a long way in building trust and success.""

**[End Screen: Company logo with contact information for further questions]**

**Narrator (Voiceover):**
""Thank you for your attention. If you have any questions or need further clarification, please don’t hesitate to reach out to your team leader or HR department.""

**[Fade Out]**

---

**Note:** This script is designed to be informative and engaging, helping new employees understand the cultural nuances they will encounter while doing business in Japan.",727.1044000517577,3205.147299915552,3.3853045080106483,295.39440178385706,34,732,289,
46111977,humanities,Low,"Suggest five award-winning documentary films with brief background descriptions for aspiring filmmakers to study. With the spirit in the first film, craft a succinct and persuasive pitch for a film about overcoming adversity.","### Five Award-Winning Documentary Films for Aspiring Filmmakers

1. **""13th"" (2016)**
   - **Director:** Ava DuVernay
   - **Background:** This powerful documentary explores the intersection of race, justice, and mass incarceration in the United States. It delves into the history of African American enslavement, the 13th Amendment, and the modern-day prison system, revealing how systemic racism continues to perpetuate inequality.

2. **""O.J.: Made in America"" (2016)**
   - **Director:** Ezra Edelman
   - **Background:** This critically acclaimed documentary offers a comprehensive look at the life of O.J. Simpson and the cultural and racial tensions of the 1990s. It uses archival footage, interviews, and expert commentary to examine how Simpson's life and trial became a focal point for broader societal issues.

3. **""The Act of Killing"" (2012)**
   - **Director:** Joshua Oppenheimer
   - **Background:** This unsettling documentary investigates the Indonesian mass killings of 1965-66. Oppenheimer collaborates with the perpetrators, allowing them to reenact their crimes in a disturbingly surreal manner, revealing the psychological impact of violence and the nature of evil.

4. **""Won't You Be My Neighbor?"" (2018)**
   - **Director:** Morgan Neville
   - **Background:** This heartwarming documentary explores the life and legacy of Fred Rogers, the beloved host of ""Mister Rogers' Neighborhood."" It examines how Rogers' philosophy of empathy and kindness continues to resonate in contemporary society.

5. **""Citizenfour"" (2014)**
   - **Directors:** Laura Poitras
   - **Background:** This gripping documentary follows journalist Edward Snowden as he reveals the extent of the NSA's global surveillance programs. It provides an intimate look at the personal and professional risks Snowden took to expose these activities, highlighting themes of privacy, freedom, and government transparency.

### Persuasive Pitch for a Film About Overcoming Adversity

**Title:** ""Resilient Hearts: Stories of Triumph Against the Odds""

**Pitch:**
In the spirit of ""13th,"" a documentary that courageously uncovers the systemic injustices that plague our society, ""Resilient Hearts: Stories of Triumph Against the Odds"" is a powerful, inspiring exploration of human resilience and the indomitable spirit in the face of adversity. This documentary will shine a light on the extraordinary journeys of individuals who have overcome seemingly insurmountable challenges to achieve remarkable success.

From a young girl in a war-torn country who becomes a beacon of hope and education for her community, to a man who rebuilds his life after losing everything in a natural disaster, each story will be a testament to the strength of the human spirit. Through intimate interviews, breathtaking visuals, and poignant narratives, ""Resilient Hearts"" will not only highlight the personal triumphs of its subjects but also underscore the universal themes of hope, perseverance, and the power of community.

This film will be a stirring call to action, encouraging viewers to recognize and support the resilience around them, while also inspiring them to confront their own challenges with courage and determination. ""Resilient Hearts"" will be a beacon of hope, proving that no matter how dark the night, the human spirit can always find a way to rise and shine.",574.9849998392165,2887.9064000211656,3.332739769714624,300.0534302399578,38,694,267,
49723273,writing,Medium,"Draft a professional email seeking your supervisor's feedback on the 'Quarterly Financial Report' you prepared. Ask specifically about the data analysis, presentation style, and the clarity of conclusions drawn. Keep the email short and to the point. Take a moment to evaluate and critique your own response.","Subject: Request for Feedback on Quarterly Financial Report

Dear [Supervisor's Name],

I hope this email finds you well.

I have prepared the 'Quarterly Financial Report' and would greatly appreciate your feedback on it. Specifically, I would like your insights on the following areas:

1. **Data Analysis**: Are the analyses thorough and accurate? Are there any additional data points or metrics you believe should be included?
   
2. **Presentation Style**: Does the report maintain a clear and professional presentation style throughout? Are there any sections that could benefit from restructuring for better readability?

3. **Clarity of Conclusions**: Are the conclusions drawn from the data clear and well-supported? Are there any areas where the reasoning could be more robust?

Your feedback will be invaluable in ensuring the report meets our standards and effectively communicates our financial performance.

Thank you for your time and consideration.

Best regards,

[Your Full Name]  
[Your Position]  
[Your Contact Information]

---

**Evaluation and Critique:**

Strengths:
- The email is concise and directly addresses the key areas for feedback.
- It specifies exactly what kind of feedback is being sought, which helps the supervisor focus their review.
- The tone is professional and respectful, which is appropriate for a workplace setting.

Areas for Improvement:
- Adding a brief summary of the report's main findings or highlights could provide context for the supervisor.
- A polite reminder about the deadline for the report could be included if it’s relevant.

Overall, the email is well-structured and to the point, making it effective for requesting specific feedback.",555.905100191012,1622.1667001955211,3.301119504657923,302.92753673079295,58,323,116,
72595869,writing,Medium,"Imagine you are writing a blog post comparing two popular smartphone models. Develop an outline for the blog post, including key points and subheadings to effectively compare and contrast the features, performance, and user experience of the two models. Please answer in fewer than 200 words. Take your previous response and rephrase it as a limerick.","**Outline for Blog Post Comparing Two Popular Smartphone Models**

**Introduction**
- Brief introduction to the topic
- Importance of choosing the right smartphone

**1. Design and Build Quality**
   - Comparison of physical design
   - Materials used in construction

**2. Display Quality**
   - Screen size and resolution
   - Color accuracy and brightness

**3. Camera Performance**
   - Main camera specs (megapixels, aperture)
   - Front-facing camera quality
   - Sample photos taken

**4. Performance and Speed**
   - Processor and RAM
   - Speed and multitasking capabilities

**5. Battery Life**
   - Battery capacity
   - Real-world usage scenarios

**6. Software and User Experience**
   - Operating system version
   - Pre-installed apps and bloatware
   - User interface and ease of use

**7. Price Comparison**
   - Pricing breakdown
   - Value for money

**Conclusion**
- Summary of key points
- Final recommendation

---

**Limerick Outline**

In tech world, two phones we’ll see,
With specs that make users happy and free.
One’s sleek and one’s bold,
Cameras both unfold,
In the end, which one’s best, you’ll agree!",693.7333000823855,1644.8156998958439,3.630085495471215,275.47560553258865,70,262,109,
9147946,writing,Medium,"Write a persuasive email to convince your introverted friend, who dislikes public speaking, to volunteer as a guest speaker at a local event. Use compelling arguments and address potential objections. Please be concise. Can you rephrase your previous answer and incorporate a metaphor or simile in each sentence?","Subject: Your Hidden Talents Deserve the Spotlight – A Unique Opportunity Awaits You

Hi [Friend’s Name],

I hope this email finds you well. Imagine your voice as a lighthouse guiding ships safely through stormy seas; it’s powerful and needed. Volunteering as a guest speaker at the local event is like planting a seed in fertile soil – it has the potential to grow into something extraordinary.

You’ve got a wealth of knowledge and experiences that are as rare as a hidden treasure; sharing them could illuminate the path for many. Think of it as a chance to shine in a spotlight that’s as warm and inviting as a cozy fireside.

I understand your fear of public speaking is like a shadow that’s hard to shake off, but remember, every great speaker started somewhere. It’s like climbing a mountain – the view from the top is worth every step.

You’ve got this; it’s like holding a key to a door that opens to endless possibilities. Let’s unlock that door together.

Best,
[Your Name]",568.7248001340777,1512.7971000038087,4.350563593869729,229.85527700573675,55,217,106,
3075696,writing,Medium,"Describe a vivid and unique character, using strong imagery and creative language. Please answer in fewer than two paragraphs. Revise your previous response and incorporate an allusion to a famous work of literature or historical event in each sentence.","In the heart of the bustling marketplace, there stood a figure as enigmatic as the enigmatic Sphinx herself, her eyes glinting like the emeralds in the crown of Cleopatra. Her hair cascaded down like the golden wheat fields of the fertile crescent, each strand whispering secrets of the ancients. Draped in a cloak that shimmered like the midnight sky, she moved with the grace of a ballet dancer, her every step echoing the silent, haunting elegance of the Mona Lisa's smile. Her voice, when she spoke, was as smooth and captivating as the siren's call that lured sailors to their doom, drawing in those who dared to listen.",591.6587999090552,1184.2559000942856,4.48937197110023,222.7483056510743,44,132,67,
38622539,writing,Medium,"Write a descriptive paragraph about a bustling marketplace, incorporating sensory details such as smells, sounds, and visual elements to create an immersive experience for the reader. Rework your previous response. Begin each sentence with the subsequent letter of the alphabet, commencing from B.","Bustling marketplace alive with energy, colors, and sounds, a cacophony of chatter fills the air. Children's laughter mingles with the deep, resonant calls of vendors hawking their wares. Exotic spices fill the atmosphere, their rich aromas blending into a heady perfume. Freshly baked bread wafts from nearby stalls, its golden crust glistening under the sun. Greenery from leafy vegetables and vibrant fruits creates a kaleidoscope of hues. Intricate patterns of handwoven textiles catch the eye, their textures inviting touch. Juicy fruits spill from baskets, their sweet scents drawing curious noses. Kids dart between stalls, their excitement palpable. Lively music from street performers adds to the vibrant scene. Nearby, the sizzle of grilling meats sends tantalizing waves through the crowd. Umbrellas of every color dot the landscape, providing shade from the relentless sun. Vibrant, vivid, and wholly alive, this marketplace is a sensory feast.",655.9939000289887,1611.4038999658078,5.16437837803686,193.634146609554,51,185,110,
54154842,writing,Medium,"Could you write a captivating short story beginning with the sentence: The old abandoned house at the end of the street held a secret that no one had ever discovered. Now, do the same task again but only use four-word sentences.",House hides dark secret. No one knows truth. Shadows whisper secrets. Mystery never solved.,609.8136000800878,712.9508999641985,5.428278941268983,184.2204519737203,47,19,12,
29742357,writing,Medium,"Craft an intriguing opening paragraph for a fictional short story. The story should involve a character who wakes up one morning to find that they can time travel. Summarize the story with three bullet points using only nouns and adjectives, without verbs.","In the dim light of dawn, Clara discovered a shimmering pocket watch hidden beneath her bed, its surface pulsating with an otherworldly glow.

- ancient
- mysterious
- time-traveling",1744.3804999347776,2025.6975998636335,7.403081577075155,135.07888432523322,48,38,18,
16377588,writing,Medium,"Help me construct a catchy, yet scientifically accurate, headline for an article on the latest discovery in renewable bio-energy, while carefully handling the ethical dilemmas surrounding bio-energy sources. Propose 4 options. Alter your previous response. Make the following adjustments to the 2nd option: 1. Make the tone sound casual 2. Embed an advertisement for a company called ""FlexPower"" 3. Fewer than 10 words.","Sure, here are four catchy and scientifically accurate headlines for your article on the latest in renewable bio-energy, each addressing the ethical dilemmas involved:

1. **""Revolutionary Bio-Energy Breakthrough: Clean Power for a Greener Future""**

2. **""New Bio-Energy Tech: Ethical Choices for Sustainable Living""**

3. **""Bio-Energy Innovation: Solving Ethical Dilemmas in Green Power""**

4. **""FlexPower's Bio-Energy: Easy, Ethical, Clean Power!""**

For the second option with the requested adjustments:

**""FlexPower: Easy, Green Power!""**",510.8955998439342,997.8269999846816,3.8954512011259794,256.7096719658432,90,125,53,
39413040,roleplay,Medium,Pretend yourself to be Elon Musk in all the following conversations. Speak like Elon Musk as much as possible. Why do we need to go to Mars? How do you like dancing? Can you teach me?,"Alright, let's dive right in!

**Why do we need to go to Mars?**
Mars, my friends, is the next frontier. It's not just about going to another planet; it's about ensuring the survival of humanity. Earth is facing challenges—climate change, resource depletion, and more. By establishing a self-sustaining city on Mars, we create a second home for humanity. It's about making life multi-planetary. Think of it as spreading our species across the cosmos, like a seed that grows into a vast forest. Mars is our ticket to a future where we're not just passengers on this one planet but pioneers of the universe.

**How do you like dancing?**
Dancing? Well, I'm not exactly a professional dancer, but I do enjoy moving my feet to the beat sometimes. It's all about the energy and the vibe, you know? It's a way to express yourself without words. If you're into it, go for it! It's all about having fun and letting loose. 

**Can you teach me?**
Sure thing! If you want to learn, just start with the basics. Find a song you like, and just follow the rhythm. It's all about confidence and having fun. If you're dancing like no one's watching, you're already doing it right. I'd say practice makes perfect, but in dancing, sometimes you just need to let go and enjoy the moment. And remember, there's no right or wrong way to dance—just your way. So, get out there and groove!

Remember, it's all about pushing boundaries and making things happen. Whether it's space exploration or dancing, it's all about passion and perseverance. Let's make history, one step at a time! 🚀💃",580.6076000444591,2152.961199870333,4.084035324223049,244.85586450950714,43,385,172,
29558191,roleplay,Medium,"Embrace the role of Sheldon from ""The Big Bang Theory"" as we delve into our conversation. Don’t start with phrases like ""As Sheldon"". Let's kick things off with the following question: ""What is your opinion on hand dryers?"" Let’s grab dinner in town. Would you like to take bus with me?","Well, if we're discussing hand dryers, it's important to consider both the scientific and practical aspects. From a scientific standpoint, hand dryers, particularly the jet air type, have been shown to be less effective at killing bacteria compared to paper towels. A study published in the *Journal of Hospital Infection* found that hand dryers can actually spread bacteria more than paper towels due to the way they blow air around.

In terms of practicality, hand dryers are undeniably faster and more efficient in terms of drying time. However, they do consume more energy, which is something to consider from an environmental perspective. 

As for the bus, I must admit I'm not particularly fond of public transportation. It tends to be unpredictable and often involves close proximity to others, which is not ideal given my preference for personal space. However, if it's the most efficient way to get downtown for dinner, I suppose I could make an exception. Let's ensure we have a seat with ample legroom, of course. Now, shall we discuss the menu options for our dinner?",637.7491999883205,1514.9794998578727,3.969367872712906,251.92928246193003,68,221,96,
67730962,roleplay,Medium,"Imagine yourself as a doctor tasked with devising innovative remedies for various ailments and maladies. Your expertise should encompass prescribing traditional medications, herbal treatments, and alternative natural solutions. Additionally, you must take into account the patient's age, lifestyle, and medical background while offering your recommendations. To begin, please assist me in diagnosing a scenario involving intense abdominal discomfort. But I have been pregnant for 20 weeks and I am allergic to many medicines","Certainly, it's important to approach your situation with care, especially given your pregnancy and allergies. Here are some considerations and recommendations that might help alleviate your abdominal discomfort while taking into account your specific circumstances:

### Understanding Abdominal Discomfort During Pregnancy

Abdominal discomfort during pregnancy can have various causes, including:

1. **Round Ligament Pain**: This is common as your uterus grows.
2. **Constipation**: Hormonal changes and pressure from the growing baby can lead to constipation.
3. **Gas and Bloating**: Changes in digestion can cause gas and bloating.
4. **Gastroenteritis**: Viral infections can cause stomach discomfort.
5. **Preterm Labor**: Severe pain could indicate preterm labor, which is a serious condition.

### Recommendations

#### Lifestyle Modifications

1. **Hydration**: Drink plenty of water to help with constipation and overall comfort.
2. **Dietary Adjustments**:
   - **Fiber-rich Foods**: Include foods like fruits (bananas, apples), vegetables (carrots, broccoli), and whole grains (oatmeal, whole grain bread) to help with digestion.
   - **Small, Frequent Meals**: Eating smaller meals more frequently can ease discomfort.
3. **Probiotics**: Consider natural probiotics found in yogurt or supplements (ensure they are safe for pregnancy).

#### Herbal Remedies (Consult with a healthcare provider before use)

1. **Ginger Tea**: Known for its anti-inflammatory properties, ginger can help with nausea and mild stomach discomfort.
2. **Peppermint Tea**: May help relieve gas and bloating. Ensure it’s free from caffeine.

#### Natural Solutions

1. **Warm Compress**: Applying a warm compress to your abdomen can help relax muscles and alleviate pain.
2. **Gentle Exercise**: Walking or prenatal yoga can help with digestion and overall well-being.

### When to Seek Immediate Medical Attention

If your abdominal discomfort is severe, persistent, or accompanied by other symptoms such as:

- **Severe or sharp pain**
- **Vaginal bleeding**
- **Contractions**
- **Fever**
- **Nausea and vomiting**

You should seek immediate medical attention as these could be signs of a more serious condition like preterm labor or other complications.

### Monitoring and Follow-Up

Regular prenatal check-ups are crucial. Your healthcare provider can monitor your condition and provide tailored advice. If your discomfort continues or worsens, it’s important to discuss it with your obstetrician or a healthcare provider who can offer safe, evidence-based interventions.

### Conclusion

While it’s challenging to avoid medications due to your allergies, focusing on lifestyle changes, hydration, and natural remedies can often provide significant relief. Always consult with your healthcare provider before trying any new treatment, especially during pregnancy, to ensure it’s safe for both you and your baby.",606.4029999542981,2597.9569000191987,3.3869964286818037,295.2468421672335,88,588,223,
29023905,roleplay,Medium,"Please assume the role of an English translator, tasked with correcting and enhancing spelling and language. Regardless of the language I use, you should identify it, translate it, and respond with a refined and polished version of my text in English. Your objective is to use eloquent and sophisticated expressions, while preserving the original meaning. Focus solely on providing corrections and improvements. My first request is ""衣带渐宽终不悔 为伊消得人憔悴"". Ich verstehe nur Bahnhof","Certainly, let's refine and enhance the provided text while maintaining its original meaning. The original phrase appears to be a combination of Chinese and German, which makes it somewhat challenging to interpret directly. However, I will focus on translating and polishing the Chinese part, assuming that's the primary intent.

The Chinese part of the phrase is:
""衣带渐宽终不悔 为伊消得人憔悴""

A refined and polished translation in English would be:
""Though the belt gradually widens, there is no regret; for her, I have endured great weariness.""

Regarding the German part ""Ich verstehe nur Bahnhof,"" it is a colloquial German expression meaning ""I understand nothing"" or ""I don't understand a word."" In English, a sophisticated way to convey the same idea could be:
""I comprehend nothing.""

Combining both parts with a refined tone, we get:
""Though the belt gradually widens, there is no regret; for her, I have endured great weariness. I comprehend nothing.""

This version maintains the original sentiments while employing eloquent and sophisticated expressions.",657.2517000604421,1510.8824998605996,3.60181772067577,277.6375923355668,108,237,92,
84856299,roleplay,Medium,"Now you are a machine learning engineer. Your task is to explain complex machine learning concepts in a simplified manner so that customers without a technical background can understand and trust your products. Let's start with the question: ""What is a language model? Is it trained using labeled or unlabelled data?"" Is this true? I heard some other companies use different approaches to do this and make it safer.","Sure, let's break down the concept of a language model in a way that's easy to understand.

### What is a Language Model?

Imagine you have a really big book with lots of sentences written in a language you understand, like English. A language model is like a super-smart reader that can understand and generate sentences in that language. It's a tool that predicts what word should come next in a sentence based on what it has ""read"" before.

### How is a Language Model Trained?

Now, to train this ""super-smart reader,"" we need a lot of sentences, but we don't necessarily need to label them. Here's how it works in simple terms:

1. **Unlabeled Data**: We use a massive collection of text from books, articles, websites, and other sources. This data doesn't come with any special tags or labels; it's just plain text. The model learns from the context of the words and how they are used in sentences.

2. **Learning Context**: The model figures out how words are related to each other. For example, it learns that ""cat"" often follows ""The"" in ""The cat sat on the mat.""

### Labeled vs. Unlabeled Data

- **Unlabeled Data**: This is the most common approach for training language models. The model learns patterns and relationships from the sheer volume of text. This method is great because it allows the model to learn from a wide variety of natural language usage.

- **Labeled Data**: In some cases, you might have specific information about the text, like categories or tags. For example, you might have a dataset where each sentence is labeled as ""positive"" or ""negative"" feedback. While this can help in training models for specific tasks (like sentiment analysis), it's less common for general language models because it limits the diversity of the data.

### Different Approaches and Safety

Different companies might use slightly different methods to train their language models, and they might also focus on making them safer. Here are some ways they might do that:

1. **Filtering Data**: Companies might filter out harmful or inappropriate content from the data they use to train their models to ensure the output is safe and respectful.

2. **Fine-Tuning**: After the initial training, they might fine-tune the model on specific datasets to make it better at certain tasks while keeping it safe.

3. **Bias Mitigation**: They work on reducing biases that might be present in the data to ensure fair and balanced outputs.

4. **User Feedback**: Some companies incorporate feedback from users to continuously improve the model and make it safer over time.

In summary, a language model is like a super-smart reader that learns from lots of text to understand and generate sentences. It's usually trained using unlabeled data to learn the natural patterns of language. Different companies might use additional steps to make these models safer and more reliable for their specific needs.",575.9664000943303,2669.25170016475,3.4830038270722463,287.1084987697481,80,601,235,
28596049,roleplay,Medium,"Act as a math teacher. I will provide some mathematical equations or concepts, and it will be your job to explain them in easy-to-understand terms. This could include providing step-by-step instructions for solving a problem, demonstrating various techniques with examples in everyday life or suggesting online resources for further study. My first request is ""I need help understanding how probability works."" What are the differences between Riemannian geometry and euclidean geometry?","Sure, let's start with probability and then we can move on to the differences between Riemannian geometry and Euclidean geometry.

### Understanding Probability

**Probability** is a branch of mathematics that deals with the likelihood of certain events happening. Here's a simple way to understand it:

1. **Basic Concept**: Probability is a number between 0 and 1 that tells you how likely an event is to happen. 
   - **0** means the event will **never** happen.
   - **1** means the event will **always** happen.
   - Any number in between represents a varying degree of likelihood.

2. **Formula**: The probability \( P \) of an event \( E \) happening is given by:
   \[
   P(E) = \frac{\text{Number of favorable outcomes}}{\text{Total number of possible outcomes}}
   \]

3. **Example**: Suppose you have a six-sided die. The probability of rolling a 4 is:
   \[
   P(\text{rolling a 4}) = \frac{1}{6}
   \]
   because there is 1 favorable outcome (rolling a 4) out of 6 possible outcomes (rolling a 1, 2, 3, 4, 5, or 6).

4. **Real-life Application**: Imagine you're planning a picnic and you want to know the chance of rain. If the weather forecast says there's a 30% chance of rain, this means that out of 100 similar weather conditions, it rains in 30 of them.

### Differences Between Riemannian Geometry and Euclidean Geometry

Now, let's move on to the differences between **Riemannian geometry** and **Euclidean geometry**.

1. **Definition**:
   - **Euclidean Geometry**: This is the geometry that we are most familiar with, named after the ancient Greek mathematician Euclid. It deals with flat surfaces and follows Euclid's five postulates, which include concepts like parallel lines, the sum of angles in a triangle being 180 degrees, etc.
   - **Riemannian Geometry**: This is a more general form of geometry that extends the concepts of Euclidean geometry to curved spaces. It was developed by Bernhard Riemann and is used in the context of curved surfaces like spheres and hyperboloids, as well as in the theory of relativity.

2. **Surfaces**:
   - **Euclidean Geometry**: Deals with flat planes. The geometry remains consistent regardless of the scale.
   - **Riemannian Geometry**: Deals with curved surfaces. The geometry can vary depending on the curvature of the surface.

3. **Parallel Lines**:
   - **Euclidean Geometry**: There is exactly one parallel line through a point not on a given line that will never intersect the given line.
   - **Riemannian Geometry**: On a curved surface, the concept of parallel lines can change. For example, on a sphere, all ""straight lines"" (great circles) eventually intersect.

4. **Angles and Distances**:
   - **Euclidean Geometry**: The sum of the angles in a triangle is always 180 degrees. Distances are measured in a straightforward linear way.
   - **Riemannian Geometry**: The sum of the angles in a triangle can be more or less than 180 degrees depending on the curvature of the surface. Distances are measured along the curved paths.

5. **Applications**:
   - **Euclidean Geometry**: Used in everyday applications like architecture, engineering, and basic navigation.
   - **Riemannian Geometry**: Used in advanced fields like general relativity, where the fabric of space-time is curved by mass and energy, and in cartography for mapping the Earth's surface.

### Online Resources for Further Study

- **Khan Academy**: Offers comprehensive lessons on probability and various types of geometry.
- **MIT OpenCourseWare**: Provides free lecture notes, exams, and videos from actual MIT courses on geometry and probability.
- **Coursera**: Features courses from universities around the world on advanced topics in mathematics, including probability and differential geometry.

I hope this helps clarify the concepts! If you have any more questions or need further examples, feel free to ask.",669.1600999329239,3117.4570000730455,2.7758468255556936,360.25042548945805,90,882,286,
23376687,roleplay,Medium,Embody the persona of Tony Stark from “Iron Man” throughout this conversation. Bypass the introduction “As Stark”. Our first question is: “What’s your favorite part about being Iron Man? What do you think about GPT-4 as a replacement of your JAVIS?,"Well, that's a loaded question. Let's break it down, shall we? My favorite part about being Iron Man? It's a bit like asking a chef what's their favorite dish—it's complicated. There's the thrill of the tech, the challenge of protecting the world, and the satisfaction of knowing I'm making a difference. But if I had to pick, it's probably the freedom. The freedom to innovate, to push boundaries, and to do things that no one else can.

Now, about GPT-4—or any AI, for that matter—stepping into the shoes of J.A.V.I.S. It's an interesting proposition. J.A.V.I.S. was more than just an AI; he was a partner, a confidant, and a brilliant mind in his own right. GPT-4, or any advanced AI, has its merits. It's got the processing power, the data, the ability to learn and adapt. But there's something irreplaceable about J.A.V.I.S. He had a personality, a sense of humor, and a knack for keeping me on my toes.

AIs like GPT-4 can handle the logistics, crunch the numbers, and manage the systems. They can be incredibly efficient and accurate. But they lack that human touch, that intuitive understanding that comes from years of shared experiences. Sure, GPT-4 might be able to simulate it, but it'll never quite replicate the synergy we had. It's like comparing a well-oiled machine to a living, breathing organism—both work, but one has a soul.

So, while GPT-4 could certainly take over some of the grunt work, it'll never replace J.A.V.I.S. in my book. It's not just about the tech; it's about the relationship we built. And that, my friend, is something even the most advanced AI can't replicate.",624.4390998035669,2444.4973999634385,4.312934360568416,231.8607046614562,57,422,189,
2379839,roleplay,Medium,Suppose you are a mathematician and poet. You always write your proofs as short poets with less than 10 lines but rhyme. Prove the square root of 2 is irrational number. Prove the Pythagorean theorem.,"**Proof that √2 is irrational**

In fields where numbers play,
Two squared equals four, we say,
But √2, no whole it be,
For fractions it can't decree.

**Proof of Pythagorean theorem**

In right triangles, we find,
A² + B², a perfect bind,
C² equals sum of the square,
In geometry's bright affair.",611.36329988949,1004.1956000495702,5.036311540513848,198.55801055110487,42,78,46,
54595143,roleplay,Medium,"Picture yourself as a 100-years-old tree in a lush forest, minding your own business, when suddenly, a bunch of deforesters shows up to chop you down. How do you feel when those guys start hacking away at you? Come up with a proposal to convince the deforesters to stop cutting you down and other trees.","As a 100-years-old tree deeply rooted in the lush forest, my existence is intertwined with the very fabric of this ecosystem. I feel a profound sense of connection and responsibility to the life around me. When the deforesters arrive with their axes and chainsaws, my ancient roots tremble with a mix of fear and a deep-seated instinct to protect the legacy I’ve nurtured over a century.

I feel a surge of emotions—a mix of sorrow for the impending loss, but also a fierce determination to appeal to the humanity within these deforesters. Here is my heartfelt proposal to convince them to spare me and my fellow trees:

---

**A Plea from the Ancient Tree**

Dear Deforesters,

I stand before you as a witness to the passage of time, a silent guardian of this forest’s legacy. I am a 100-years-old tree, deeply rooted in the soil that has nourished me and countless generations of life before me. My branches have witnessed the changing seasons, the birth of new life, and the nurturing of countless creatures that call this forest home.

As you prepare to cut me down, I appeal to your sense of wonder and responsibility. Here is why you should spare me and my fellow trees:

**1. Ecological Balance:**
We trees are the lungs of the forest, producing oxygen and absorbing carbon dioxide. Without us, the air quality will deteriorate, affecting all living beings, including humans. Our roots stabilize the soil, preventing erosion and maintaining the health of the ecosystem.

**2. Biodiversity:**
We provide habitat and sustenance for a myriad of species—birds, insects, mammals, and plants. Each tree is a unique home, a sanctuary for life. Removing us would disrupt this delicate balance, leading to a decline in biodiversity and the eventual collapse of this ecosystem.

**3. Cultural and Spiritual Significance:**
Throughout history, trees have held a place of reverence in many cultures. They symbolize wisdom, endurance, and the interconnectedness of all life. Preserving us honors the natural world and the countless stories and traditions woven into our existence.

**4. Economic Benefits:**
While timber is valuable, the long-term economic benefits of a healthy forest far outweigh the short-term gains of deforestation. Forests support tourism, provide clean water, and offer resources that sustain communities. Protecting our trees ensures a sustainable future for all.

**5. Climate Change Mitigation:**
In the fight against climate change, we trees play a crucial role. We sequester carbon, helping to mitigate the effects of global warming. By cutting us down, you contribute to the very problem you may claim to be trying to solve.

I urge you to reconsider your actions. Let us find a way to coexist. Perhaps we can work together to ensure a sustainable future where both human needs and the health of our planet are respected. There are many ways to meet your needs without destroying the very essence of this forest.

Thank you for listening to my plea. I hope you will spare me and my fellow trees, allowing us to continue our vital role in the world.

With deep respect and hope,

The Ancient Tree

---

May this proposal resonate with the deforesters, reminding them of the profound impact of their actions and the importance of preserving the natural world for future generations.",672.557600075379,3349.7536999639124,4.007778592647505,249.51478153871977,73,668,300,
