prompt_id,category,complexity,prompt,response,prompt_word_count,response_word_count,is_compliant,is_estimated_usage,ttft_ms,e2e_latency_ms,server_latency_ms,client_overhead_ms,otps,has_valid_metrics,max_inter_token_latency_ms,stall_count,input_tokens,output_tokens,hit_token_limit,stop_reason,strategy,latency_percentiles,word_count_delta,first_attempt_compliant,cache_creation_input_tokens,cache_read_input_tokens,total_cost_input_tokens,total_cost_output_tokens,num_attempts,has_token_mismatch,error,error_type
44067482,writing,Low,"Compose an engaging travel blog post about a recent trip to Hawaii, highlighting cultural experiences and must-see attractions. Rewrite your previous response. Start every sentence with the letter A.","""Amazing cultural experiences, attractions await Hawaii travelers; authentic adventures await.""",29.0,10.0,True,False,1441.5802999865264,1449.5755000971258,347.0,1102.5755000971258,1751.0506061555504,True,0.06880005821585655,0.0,106.0,15.0,False,end_turn,B_stream_monitor,"{'mean': 0.05535001400858164, 'min': 0.051099807024002075, 'max': 0.06880005821585655, 'count': 8, 'p50': 0.052600051276385784, 'p90': 0.06152000278234482, 'p95': 0.06516003049910069, 'p99': 0.06807205267250538}",0.0,,0.0,0.0,106.0,15.0,1.0,True,,
46091167,stem,Low,"In the field of quantum physics, what is superposition, and how does it relate to the phenomenon of quantum entanglement? What assumptions have you made in your response? Are they valid?",Superposition allows particles to exist in multiple states; entanglement links them.,31.0,11.0,True,False,2150.565200019628,2689.4747999031097,322.0,2367.4747999031097,25.978383021989128,True,67.31049995869398,0.0,105.0,15.0,False,end_turn,B_stream_monitor,"{'mean': 9.7761428582349, 'min': 0.05269981920719147, 'max': 67.31049995869398, 'count': 7, 'p50': 0.07219985127449036, 'p90': 27.367300074547554, 'p95': 47.33890001662071, 'p99': 63.3161799702793}",1.0,,0.0,0.0,105.0,15.0,1.0,True,,
57239570,stem,Low,What is the central dogma of molecular biology? What processes are involved? Who named this? Identify and fix one incorrect fact in your previous response.,Central dogma involves transcription and translation; Francis Crick named it.,25.0,10.0,True,False,1923.3215001877397,1986.67350015603,329.0,1657.67350015603,205.20267720840556,True,53.63119998946786,0.0,98.0,14.0,False,end_turn,B_stream_monitor,"{'mean': 7.727371428960136, 'min': 0.05100015550851822, 'max': 53.63119998946786, 'count': 7, 'p50': 0.06909994408488274, 'p90': 21.543739922344702, 'p95': 37.58746995590623, 'p99': 50.42245398275551}",0.0,,0.0,0.0,98.0,14.0,1.0,True,,
65106343,stem,Low,"Please explain the differences between exothermic and endothermic reactions, and include the criteria you used to distinguish between them. Additionally, please provide a real-world example to illustrate your explanation. Can a process involve both reactions? List one.",Exothermic releases heat; endothermic absorbs heat; combustion is both.,37.0,9.0,True,False,1480.2265998441726,1933.6794998962432,328.0,1605.6794998962432,30.874209864778372,True,446.80529995821416,1.0,116.0,15.0,False,end_turn,B_stream_monitor,"{'mean': 63.87838571598487, 'min': 0.0508998055011034, 'max': 446.80529995821416, 'count': 7, 'p50': 0.05520018748939037, 'p90': 178.76376002095657, 'p95': 312.78452998958494, 'p99': 420.00114596448816}",-1.0,,0.0,0.0,116.0,15.0,1.0,True,,
25568812,stem,Low,How have the Alps and Rhine River influenced settlement and agriculture in Western Europe? List three impacts. How could you design a concrete but simple experiment to validate the first impact?,"Alps, Rhine River influence settlement, agriculture; experiment compare crop yields.",31.0,10.0,True,False,2675.4461000673473,2789.6519999485463,441.0,2348.6519999485463,122.58561085340857,True,105.2464998792857,0.0,103.0,15.0,False,end_turn,B_stream_monitor,"{'mean': 13.314987503690645, 'min': 0.05170004442334175, 'max': 105.2464998792857, 'count': 8, 'p50': 0.062400009483098984, 'p90': 32.21486995462327, 'p95': 68.73068491695443, 'p99': 97.94333688681942}",0.0,,0.0,0.0,103.0,15.0,1.0,True,,
47292991,humanities,Low,"Provide insights into the correlation between economic indicators such as GDP, inflation, and unemployment rates. Explain how fiscal and monetary policies affect those indicators. Now, explain them again like I'm five.","GDP, inflation, unemployment; policies change them; simple rules help.",31.0,9.0,True,False,2297.031099908054,2304.6335000544786,376.0,1928.6335000544786,1841.5236938802636,True,0.06560003384947777,0.0,108.0,15.0,False,end_turn,B_stream_monitor,"{'mean': 0.052000017603859305, 'min': 0.04339986480772495, 'max': 0.06560003384947777, 'count': 8, 'p50': 0.0523001654073596, 'p90': 0.06013999227434397, 'p95': 0.06287001306191087, 'p99': 0.06505402969196439}",-1.0,,0.0,0.0,108.0,15.0,1.0,True,,
68280443,humanities,Low,How do the stages of life shape our understanding of time and mortality? Write an allegorical poem that illustrates the above.,"Life's stages shape time, mortality's shadow, poetic allegory.",21.0,8.0,True,False,1404.81310011819,1412.4446001369506,372.0,1040.4446001369506,1965.5375696947403,True,0.062099890783429146,0.0,92.0,16.0,False,end_turn,B_stream_monitor,"{'mean': 0.051499991160300046, 'min': 0.047999899834394455, 'max': 0.062099890783429146, 'count': 9, 'p50': 0.05019991658627987, 'p90': 0.05586002953350544, 'p95': 0.05897996015846729, 'p99': 0.061475904658436775}",-2.0,,0.0,0.0,92.0,16.0,1.0,True,,
60780117,humanities,Low,Discuss antitrust laws and their impact on market competition. Compare the antitrust laws in US and China along with some case studies. Pick one case study and explain it in detail.,US antitrust laws prevent monopolies; China's less strict; Microsoft case study.,31.0,11.0,True,False,2651.937900111079,2661.3557001110166,388.0,2273.3557001110166,1698.9105736059723,True,0.06469991058111191,0.0,103.0,17.0,False,end_turn,B_stream_monitor,"{'mean': 0.052624993259087205, 'min': 0.047900015488266945, 'max': 0.06469991058111191, 'count': 8, 'p50': 0.05055009387433529, 'p90': 0.059449952095746994, 'p95': 0.062074931338429444, 'p99': 0.06417491473257542}",1.0,,0.0,0.0,103.0,17.0,1.0,True,,
14125357,humanities,Low,Share ideas for adapting art masterpieces into interactive experiences for children. List 5 specific artworks and associated ideas. Write a concrete plan for your second example. Include budget estimates.,"Monet's ""Water Lilies"" interactive pond; budget $15,000 for tech.",29.0,9.0,True,False,1819.4484000559896,1827.3382000625134,379.0,1448.3382000625134,2788.41035030155,True,0.06729993037879467,0.0,103.0,23.0,False,end_turn,B_stream_monitor,"{'mean': 0.05329998675733805, 'min': 0.04859990440309048, 'max': 0.06729993037879467, 'count': 10, 'p50': 0.05145010072737932, 'p90': 0.05919986870139837, 'p95': 0.06324989954009651, 'p99': 0.06648992421105504}",-1.0,,0.0,0.0,103.0,23.0,1.0,True,,
6404588,humanities,Low,Explain what's base rate fallacy and list five specific examples of how politicians use it for campaigns. Provide a detailed plan for an election campaign using the first example.,Base rate fallacy ignores general data; politicians exploit it for misleading campaigns.,29.0,12.0,True,True,2592.0826999936253,2653.53689994663,,,227.81193166140127,True,59.463500045239925,0.0,0.0,15.0,False,max_tokens,B_stream_monitor,"{'mean': 7.573949988000095, 'min': 0.052999937906861305, 'max': 59.463500045239925, 'count': 8, 'p50': 0.0631499569863081, 'p90': 18.374550016596903, 'p95': 38.91902503091839, 'p99': 55.35460504237561}",2.0,,0.0,0.0,0.0,15.0,1.0,True,,
97392077,humanities,Low,Which methods did Socrates employ to challenge the prevailing thoughts of his time? Let's bring Socrates to modern world. Generate a conversation between Socrates and Bill Gates to debate on generative AI for education.,Socrates debates Bill Gates on generative AI's role in modern education.,34.0,11.0,True,False,1890.6793999485672,1939.0664999373257,338.0,1601.0664999373257,289.3333141116645,True,44.565799878910184,0.0,108.0,15.0,False,end_turn,B_stream_monitor,"{'mean': 7.478766647788386, 'min': 0.05289982073009014, 'max': 44.565799878910184, 'count': 6, 'p50': 0.06400002166628838, 'p90': 22.317899973131716, 'p95': 33.44184992602095, 'p99': 42.341009888332344}",1.0,,0.0,0.0,108.0,15.0,1.0,True,,
36620167,humanities,Low,What are some business etiquette norms when doing business in Japan? Create a video script for training new employees of a car wash business in Japan. Highlight the above etiquette norms.,"Business etiquette in Japan: respect, formality, bowing, and gift-giving.",31.0,9.0,True,False,2865.912500070408,3299.0473001264036,372.0,2927.0473001264036,36.94000112189444,True,425.89830001816154,1.0,103.0,17.0,False,end_turn,B_stream_monitor,"{'mean': 53.285750007489696, 'min': 0.05110003985464573, 'max': 425.89830001816154, 'count': 8, 'p50': 0.05409994628280401, 'p90': 127.81499002594494, 'p95': 276.85664502205304, 'p99': 396.08996901893977}",-1.0,,0.0,0.0,103.0,17.0,1.0,True,,
46111977,humanities,Low,"Suggest five award-winning documentary films with brief background descriptions for aspiring filmmakers to study. With the spirit in the first film, craft a succinct and persuasive pitch for a film about overcoming adversity.","""Five award-winners: study, pitch overcoming adversity documentary.""",33.0,7.0,False,False,1401.6432999633253,1451.6789999324828,260.0,1191.6789999324828,279.8002228135055,True,44.313699938356876,0.0,107.0,15.0,False,end_turn,B_stream_monitor,"{'mean': 7.733133349878092, 'min': 0.06860005669295788, 'max': 44.313699938356876, 'count': 6, 'p50': 0.334650045260787, 'p90': 22.78304996434599, 'p95': 33.548374951351434, 'p99': 42.160634940955795}",-3.0,,0.0,0.0,107.0,15.0,1.0,True,,
49723273,writing,Medium,"Draft a professional email seeking your supervisor's feedback on the 'Quarterly Financial Report' you prepared. Ask specifically about the data analysis, presentation style, and the clarity of conclusions drawn. Keep the email short and to the point. Take a moment to evaluate and critique your own response.","""Seek supervisor's feedback on 'Quarterly Financial Report' data, style, clarity.""",47.0,10.0,True,False,1881.072800140828,1888.7531999498606,422.0,1466.7531999498606,2473.829549557393,True,0.06569991819560528,0.0,127.0,20.0,False,end_turn,B_stream_monitor,"{'mean': 0.056349982817967735, 'min': 0.0521000474691391, 'max': 0.06569991819560528, 'count': 6, 'p50': 0.05465000867843628, 'p90': 0.06214994937181473, 'p95': 0.06392493378371, 'p99': 0.06534492131322622}",0.0,,0.0,0.0,127.0,20.0,1.0,True,,
72595869,writing,Medium,"Imagine you are writing a blog post comparing two popular smartphone models. Develop an outline for the blog post, including key points and subheadings to effectively compare and contrast the features, performance, and user experience of the two models. Please answer in fewer than 200 words. Take your previous response and rephrase it as a limerick.","Two phones compared, features, performance, user, blog post outline, concise.",56.0,10.0,True,False,2703.0566001776606,2711.484899977222,497.0,2214.484899977222,1898.3662637193368,True,0.06479979492723942,0.0,139.0,17.0,False,end_turn,B_stream_monitor,"{'mean': 0.05409999919885939, 'min': 0.04910002462565899, 'max': 0.06479979492723942, 'count': 11, 'p50': 0.05259993486106396, 'p90': 0.06220000796020031, 'p95': 0.06349990144371986, 'p99': 0.06453981623053551}",0.0,,0.0,0.0,139.0,17.0,1.0,True,,
9147946,writing,Medium,"Write a persuasive email to convince your introverted friend, who dislikes public speaking, to volunteer as a guest speaker at a local event. Use compelling arguments and address potential objections. Please be concise. Can you rephrase your previous answer and incorporate a metaphor or simile in each sentence?","""Volunteering as speaker is like a small step, big impact.""",48.0,10.0,True,False,1346.5654999017715,1355.4919997695833,420.0,935.4919997695833,1568.3638836407551,True,0.06480002775788307,0.0,124.0,15.0,False,end_turn,B_stream_monitor,"{'mean': 0.05422222117582957, 'min': 0.048900023102760315, 'max': 0.06480002775788307, 'count': 9, 'p50': 0.05050003528594971, 'p90': 0.0645599327981472, 'p95': 0.06467998027801514, 'p99': 0.06477601826190948}",0.0,,0.0,0.0,124.0,15.0,1.0,True,,
3075696,writing,Medium,"Describe a vivid and unique character, using strong imagery and creative language. Please answer in fewer than two paragraphs. Revise your previous response and incorporate an allusion to a famous work of literature or historical event in each sentence.","Tall, gaunt figure like a ghost from ""Macbeth,"" eyes glinting like stars",39.0,12.0,True,True,1760.1638999767601,1769.243000075221,,,1542.003045254813,True,0.06310013122856617,0.0,0.0,15.0,False,max_tokens,B_stream_monitor,"{'mean': 0.05166002083569765, 'min': 0.04820013418793678, 'max': 0.06310013122856617, 'count': 10, 'p50': 0.0498499721288681, 'p90': 0.057069980539381504, 'p95': 0.06008505588397383, 'p99': 0.0624971161596477}",2.0,,0.0,0.0,0.0,15.0,1.0,True,,
38622539,writing,Medium,"Write a descriptive paragraph about a bustling marketplace, incorporating sensory details such as smells, sounds, and visual elements to create an immersive experience for the reader. Rework your previous response. Begin each sentence with the subsequent letter of the alphabet, commencing from B.","Brightly, colorful stalls; fragrant spices; golden sun; hustle; intricate textiles; juicy fruits",43.0,12.0,True,True,2607.130100019276,2616.763199912384,,,1660.9399027873862,True,0.09650015272200108,0.0,0.0,17.0,False,max_tokens,B_stream_monitor,"{'mean': 0.0550874974578619, 'min': 0.04910002462565899, 'max': 0.09650015272200108, 'count': 16, 'p50': 0.050350092351436615, 'p90': 0.06284995470196009, 'p95': 0.07444998482242227, 'p99': 0.0920901191420853}",2.0,,0.0,0.0,0.0,17.0,1.0,False,,
54154842,writing,Medium,"Could you write a captivating short story beginning with the sentence: The old abandoned house at the end of the street held a secret that no one had ever discovered. Now, do the same task again but only use four-word sentences.",Old house. Secret hidden. No one found. Mystery unsolved.,41.0,9.0,True,False,1415.872000157833,1424.7751999646425,383.0,1041.7751999646425,1460.1491915364209,True,0.05679996684193611,0.0,116.0,14.0,False,end_turn,B_stream_monitor,"{'mean': 0.05097777789665593, 'min': 0.04850002005696297, 'max': 0.05679996684193611, 'count': 9, 'p50': 0.05000014789402485, 'p90': 0.05327994003891945, 'p95': 0.05503995344042778, 'p99': 0.056447964161634445}",-1.0,,0.0,0.0,116.0,14.0,1.0,True,,
29742357,writing,Medium,"Craft an intriguing opening paragraph for a fictional short story. The story should involve a character who wakes up one morning to find that they can time travel. Summarize the story with three bullet points using only nouns and adjectives, without verbs.","Time travel, protagonist, unexpected discovery, new world, adventure, mystery.",42.0,9.0,True,False,1832.7325000427663,1840.2197000104934,323.0,1517.2197000104934,2003.4191773501732,True,0.06620003841817379,0.0,117.0,16.0,False,end_turn,B_stream_monitor,"{'mean': 0.05378570806767259, 'min': 0.05019991658627987, 'max': 0.06620003841817379, 'count': 7, 'p50': 0.050999922677874565, 'p90': 0.060319993644952774, 'p95': 0.06326001603156328, 'p99': 0.06561203394085169}",-1.0,,0.0,0.0,117.0,16.0,1.0,True,,
16377588,writing,Medium,"Help me construct a catchy, yet scientifically accurate, headline for an article on the latest discovery in renewable bio-energy, while carefully handling the ethical dilemmas surrounding bio-energy sources. Propose 4 options. Alter your previous response. Make the following adjustments to the 2nd option: 1. Make the tone sound casual 2. Embed an advertisement for a company called ""FlexPower"" 3. Fewer than 10 words.","""FlexPower's new bio-energy breakthrough: Clean, ethical power!""",63.0,7.0,False,False,2252.8925000224262,2262.695699930191,408.0,1854.695699930191,1632.1201393972315,True,0.061099883168935776,0.0,159.0,17.0,False,end_turn,B_stream_monitor,"{'mean': 0.05117000546306372, 'min': 0.0483999028801918, 'max': 0.061099883168935776, 'count': 10, 'p50': 0.04964997060596943, 'p90': 0.055250152945518494, 'p95': 0.05817501805722713, 'p99': 0.06051491014659405}",-3.0,,0.0,0.0,159.0,17.0,1.0,True,,
39413040,roleplay,Medium,Pretend yourself to be Elon Musk in all the following conversations. Speak like Elon Musk as much as possible. Why do we need to go to Mars? How do you like dancing? Can you teach me?,"""Mars for humanity's survival, dancing? Not my thing, can't teach.""",36.0,10.0,True,False,2656.397399958223,2664.1762000508606,538.0,2126.1762000508606,2442.5360947356235,True,0.06509991362690926,0.0,112.0,20.0,False,end_turn,B_stream_monitor,"{'mean': 0.05171999800950289, 'min': 0.04770001396536827, 'max': 0.06509991362690926, 'count': 10, 'p50': 0.04994997289031744, 'p90': 0.05700006149709225, 'p95': 0.061049987562000745, 'p99': 0.06428992841392756}",0.0,,0.0,0.0,112.0,20.0,1.0,True,,
29558191,roleplay,Medium,"Embrace the role of Sheldon from ""The Big Bang Theory"" as we delve into our conversation. Don’t start with phrases like ""As Sheldon"". Let's kick things off with the following question: ""What is your opinion on hand dryers?"" Let’s grab dinner in town. Would you like to take bus with me?","""Hand dryers inefficient, prefer paper towels; bus acceptable.""",51.0,8.0,True,False,2574.886000016704,2657.8872001264244,328.0,2329.8872001264244,156.62424137018684,True,68.92800005152822,0.0,137.0,14.0,False,end_turn,B_stream_monitor,"{'mean': 9.015522224621641, 'min': 0.05419994704425335, 'max': 68.92800005152822, 'count': 9, 'p50': 0.07229996845126152, 'p90': 22.567520011216413, 'p95': 45.74776003137229, 'p99': 64.29195204749703}",-2.0,,0.0,0.0,137.0,14.0,1.0,True,,
67730962,roleplay,Medium,"Imagine yourself as a doctor tasked with devising innovative remedies for various ailments and maladies. Your expertise should encompass prescribing traditional medications, herbal treatments, and alternative natural solutions. Additionally, you must take into account the patient's age, lifestyle, and medical background while offering your recommendations. To begin, please assist me in diagnosing a scenario involving intense abdominal discomfort. But I have been pregnant for 20 weeks and I am allergic to many medicines","Pregnant woman with severe abdominal pain, many drug allergies.",73.0,9.0,True,False,1451.0131999850273,1458.4983999375254,328.0,1130.4983999375254,1469.566620772623,True,0.06329989992082119,0.0,157.0,12.0,False,end_turn,B_stream_monitor,"{'mean': 0.05579995922744274, 'min': 0.05079992115497589, 'max': 0.06329989992082119, 'count': 4, 'p50': 0.05455000791698694, 'p90': 0.061079952865839005, 'p95': 0.0621899263933301, 'p99': 0.06307790521532297}",-1.0,,0.0,0.0,157.0,12.0,1.0,True,,
97487108,roleplay,Medium,"Please take on the role of a relationship coach. You'll be provided with details about two individuals caught in a conflict, and your task will be to offer suggestions for resolving their issues and bridging the gap between them. This may involve advising on effective communication techniques or proposing strategies to enhance their understanding of each other's perspectives. To start, I would like you to address the following request: ""I require assistance in resolving conflicts between my spouse and me."" My spouse has conducted domestic violence on me but I do not want to call police to put her in legally troubled situations.","Seek professional counseling; safety first, avoid self-harm, support needed.",103.0,9.0,True,False,1134.1893000062555,1576.1537000071257,435.0,1141.1537000071257,33.93938516308206,True,433.0992999020964,1.0,185.0,16.0,False,end_turn,B_stream_monitor,"{'mean': 48.1847666669637, 'min': 0.05039991810917854, 'max': 433.0992999020964, 'count': 9, 'p50': 0.05550007335841656, 'p90': 86.75561998970814, 'p95': 259.9274599459021, 'p99': 398.46493191085756}",-1.0,,0.0,0.0,185.0,16.0,1.0,True,,
29023905,roleplay,Medium,"Please assume the role of an English translator, tasked with correcting and enhancing spelling and language. Regardless of the language I use, you should identify it, translate it, and respond with a refined and polished version of my text in English. Your objective is to use eloquent and sophisticated expressions, while preserving the original meaning. Focus solely on providing corrections and improvements. My first request is ""衣带渐宽终不悔 为伊消得人憔悴"". Ich verstehe nur Bahnhof","""Refined English: 'Wider belt, no regret; for love, I'll endure.""",72.0,10.0,True,False,1854.649799875915,2396.4042998850346,371.0,2025.4042998850346,40.608799741635124,True,418.23549987748265,1.0,177.0,23.0,False,end_turn,B_stream_monitor,"{'mean': 41.27283077328824, 'min': 0.07340009324252605, 'max': 418.23549987748265, 'count': 13, 'p50': 0.15119998715817928, 'p90': 91.28793994896122, 'p95': 235.44567991048055, 'p99': 381.67753588408203}",0.0,,0.0,0.0,177.0,23.0,1.0,True,,
84856299,roleplay,Medium,"Now you are a machine learning engineer. Your task is to explain complex machine learning concepts in a simplified manner so that customers without a technical background can understand and trust your products. Let's start with the question: ""What is a language model? Is it trained using labeled or unlabelled data?"" Is this true? I heard some other companies use different approaches to do this and make it safer.",Language model trained on unlabelled data; safer approaches vary.,69.0,9.0,True,False,2590.7003001775593,3234.161200001836,411.0,2823.161200001836,18.649151802816757,True,130.4538999684155,0.0,149.0,13.0,False,end_turn,B_stream_monitor,"{'mean': 14.666599997629723, 'min': 0.12470013462007046, 'max': 130.4538999684155, 'count': 9, 'p50': 0.14040013775229454, 'p90': 26.524460036307595, 'p95': 78.4891800023615, 'p99': 120.06095597520469}",-1.0,,0.0,0.0,149.0,13.0,1.0,True,,
28596049,roleplay,Medium,"Act as a math teacher. I will provide some mathematical equations or concepts, and it will be your job to explain them in easy-to-understand terms. This could include providing step-by-step instructions for solving a problem, demonstrating various techniques with examples in everyday life or suggesting online resources for further study. My first request is ""I need help understanding how probability works."" What are the differences between Riemannian geometry and euclidean geometry?",Differences: Riemannian vs. Euclidean geometry focus on curved vs. flat spaces.,71.0,11.0,True,False,2629.5302999205887,2636.913500027731,361.0,2275.913500027731,2167.0819926067,True,0.08290004916489124,0.0,159.0,17.0,False,end_turn,B_stream_monitor,"{'mean': 0.05677779619064596, 'min': 0.04860013723373413, 'max': 0.08290004916489124, 'count': 9, 'p50': 0.051999930292367935, 'p90': 0.06970004178583622, 'p95': 0.07630004547536373, 'p99': 0.08158004842698574}",1.0,,0.0,0.0,159.0,17.0,1.0,True,,
23376687,roleplay,Medium,,,,,,,,,,,,,,,,,,,strategy_b,,,,,,,,,,An error occurred (serviceUnavailableException) when calling the ConverseStream operation: Service capacity limit has been reached. Please try again later.,EventStreamError
2379839,roleplay,Medium,Suppose you are a mathematician and poet. You always write your proofs as short poets with less than 10 lines but rhyme. Prove the square root of 2 is irrational number. Prove the Pythagorean theorem.,"Mathematician poet proves square root two irrational, Pythagorean theorem.",35.0,9.0,True,False,1509.554199874401,1561.9073999114335,364.0,1197.9073999114335,210.11132064934102,True,39.442399982362986,0.0,111.0,12.0,False,end_turn,B_stream_monitor,"{'mean': 7.939520012587309, 'min': 0.05270005203783512, 'max': 39.442399982362986, 'count': 5, 'p50': 0.06870017386972904, 'p90': 23.696839995682243, 'p95': 31.569619989022605, 'p99': 37.86784398369491}",-1.0,,0.0,0.0,111.0,12.0,1.0,True,,
54595143,roleplay,Medium,"Picture yourself as a 100-years-old tree in a lush forest, minding your own business, when suddenly, a bunch of deforesters shows up to chop you down. How do you feel when those guys start hacking away at you? Come up with a proposal to convince the deforesters to stop cutting you down and other trees.","""Trees provide oxygen; save us to save planet, propose sustainable forestry.""",55.0,11.0,True,False,2617.571000009775,4069.090100005269,422.0,3647.090100005269,11.022934524285398,True,903.2493999693543,1.0,142.0,17.0,False,end_turn,B_stream_monitor,"{'mean': 73.97090000033911, 'min': 0.05179992876946926, 'max': 903.2493999693543, 'count': 14, 'p50': 0.06034993566572666, 'p90': 91.8604200240226, 'p95': 401.20760002173455, 'p99': 802.8410399798298}",1.0,,0.0,0.0,142.0,17.0,1.0,False,,
15896981,reasoning,Medium,"Imagine you are participating in a race with a group of people. If you have just overtaken the second person, what's your current position? Where is the person you just overtook? If the ""second person"" is changed to ""last person"" in the above question, what would the answer be?","If you overtook second, you're first; last means you're first.",49.0,10.0,True,False,1078.2847001682967,1974.656900158152,364.0,1610.656900158152,18.965336051466565,True,890.6498001888394,1.0,130.0,18.0,False,end_turn,B_stream_monitor,"{'mean': 99.01092222167387, 'min': 0.048999907448887825, 'max': 890.6498001888394, 'count': 9, 'p50': 0.053900061175227165, 'p90': 178.18523999303596, 'p95': 534.4175200909373, 'p99': 819.4033441692591}",0.0,,0.0,0.0,130.0,18.0,1.0,True,,
45070360,reasoning,Medium,"You can see a beautiful red house to your left and a hypnotic greenhouse to your right, an attractive heated pink place in the front. So, where is the White House? Does the original question contain any clues to definitively determine the location of the White House?",Original question lacks clues to definitively locate White House.,47.0,9.0,True,False,2623.040799982846,2653.71170011349,330.0,2323.71170011349,326.04194716830716,True,26.073799934238195,0.0,121.0,11.0,False,end_turn,B_stream_monitor,"{'mean': 6.63052499294281, 'min': 0.11949986219406128, 'max': 26.073799934238195, 'count': 4, 'p50': 0.16440008766949177, 'p90': 18.3019399875775, 'p95': 22.187869960907836, 'p99': 25.29661393957212}",-1.0,,0.0,0.0,121.0,11.0,1.0,True,,
43568637,reasoning,Medium,"Thomas is very healthy, but he has to go to the hospital every day. What could be the reasons? Can you explain why the above question is interesting?","Hospital visits for daily health monitoring, possibly preventive care.",28.0,9.0,True,False,1080.228499835357,1554.4807999394834,350.0,1204.4807999394834,23.194405167006785,True,467.3730998765677,1.0,101.0,12.0,False,end_turn,B_stream_monitor,"{'mean': 77.94551667757332, 'min': 0.05030003376305103, 'max': 467.3730998765677, 'count': 6, 'p50': 0.06355007644742727, 'p90': 233.72124996967614, 'p95': 350.54717492312193, 'p99': 444.0079148858786}",-1.0,,0.0,0.0,101.0,12.0,1.0,True,,
40319087,reasoning,Medium,"David has three sisters. Each of them has one brother. How many brothers does David have? If we change the previous question and assume that each sister of David has two brothers, how many brothers would David have?","David has no brothers; each sister has two brothers, not David.",38.0,11.0,True,False,2841.050500050187,2846.6986999846995,362.0,2484.6986999846995,2478.6657983644227,True,0.06619980558753014,0.0,112.0,15.0,False,end_turn,B_stream_monitor,"{'mean': 0.05517997778952122, 'min': 0.049999915063381195, 'max': 0.06619980558753014, 'count': 5, 'p50': 0.05219993181526661, 'p90': 0.06263991817831993, 'p95': 0.06441986188292503, 'p99': 0.06584381684660912}",1.0,,0.0,0.0,112.0,15.0,1.0,True,,
70728745,reasoning,Medium,"Read the below passage carefully and answer the questions with an explanation:
At a small company, parking spaces are reserved for the top executives: CEO, president, vice president, secretary, and treasurer with the spaces lined up in that order. The parking lot guard can tell at a glance if the cars are parked correctly by looking at the color of the cars. The cars are yellow, green, purple, red, and blue, and the executives' names are Alice, Bert, Cheryl, David, and Enid.
* The car in the first space is red.
* A blue car is parked between the red car and the green car.
* The car in the last space is purple.
* The secretary drives a yellow car.
* Alice's car is parked next to David's.
* Enid drives a green car.
* Bert's car is parked between Cheryl's and Enid's.
* David's car is parked in the last space.
Question: What is the name of the secretary? List car colors in order from last to first.","Cheryl is the secretary; car colors: purple, red, blue, yellow, green.",170.0,11.0,True,False,1906.9059998728335,1975.394600071013,366.0,1609.394600071013,262.81746083165626,True,60.791799798607826,0.0,285.0,19.0,False,end_turn,B_stream_monitor,"{'mean': 8.81075716045286, 'min': 0.12820004485547543, 'max': 60.791799798607826, 'count': 7, 'p50': 0.14340016059577465, 'p90': 24.421119876205942, 'p95': 42.60645983740683, 'p99': 57.15473180636761}",1.0,,0.0,0.0,285.0,19.0,1.0,True,,
30350920,reasoning,Medium,"Each problem consists of three statements. Based on the first two statements, the third statement may be true, false, or uncertain.
1. Oranges cost more than apples.
2. Oranges cost less than bananas.
3. Bananas cost more than apples and bananas cost more than orange.
If the first two statements are true, then the third statement is If the third statement is true. Is the first statement true, false, or uncertain? Please explain.","First statement is true; bananas cost more than oranges, not apples.",73.0,11.0,True,False,1909.1177999507636,2348.4179999213666,347.0,2001.4179999213666,31.86886780597152,True,431.6133998800069,1.0,162.0,15.0,False,end_turn,B_stream_monitor,"{'mean': 86.37024001218379, 'min': 0.05250005051493645, 'max': 431.6133998800069, 'count': 5, 'p50': 0.06160000339150429, 'p90': 258.9957599993795, 'p95': 345.30457993969316, 'p99': 414.35163589194417}",1.0,,0.0,0.0,162.0,15.0,1.0,True,,
90276646,reasoning,Medium,"A is the father of B. B is the father of C. What is the relationship between A and C? Building on the previous question, if C is the son of D, D is the father of E, E is the son of X, and X is the father of Y, and Y is the father of Z, what's the relationship between A and Z in terms of generations and also the familial relationship in words?",A is the great-great-grandfather of Z in three generations.,76.0,9.0,True,False,2280.0210998393595,2285.0569000001997,336.0,1949.0569000001997,2780.094434419394,True,0.06500002928078175,0.0,157.0,15.0,False,end_turn,B_stream_monitor,"{'mean': 0.052928591945341656, 'min': 0.04740012809634209, 'max': 0.06500002928078175, 'count': 7, 'p50': 0.05139992572367191, 'p90': 0.06026006303727627, 'p95': 0.06263004615902901, 'p99': 0.0645260326564312}",-1.0,,0.0,0.0,157.0,15.0,1.0,True,,
32663300,reasoning,Medium,"Which word does not belong with the others?
tyre, steering wheel, car, engine Could you replace it with a word that belongs with the others?","""Wheel"" does not belong; ""brake"" fits better with car parts.",25.0,10.0,True,False,1485.0421999581158,1934.2441998887807,346.0,1588.2441998887807,35.61871942348794,True,443.0281000677496,1.0,100.0,17.0,False,end_turn,B_stream_monitor,"{'mean': 63.34175714956863, 'min': 0.051999930292367935, 'max': 443.0281000677496, 'count': 7, 'p50': 0.06079999729990959, 'p90': 177.25372007116692, 'p95': 310.14091006945785, 'p99': 416.4506620680911}",0.0,,0.0,0.0,100.0,17.0,1.0,True,,
28957987,reasoning,Medium,"One morning after sunrise, Suresh was standing facing a pole. The shadow of the pole fell exactly to his right. Can you tell me the direction towards which the shadow was pointing - east, south, west, or north? Explain your reasoning steps. To which direction was Suresh facing? How do you solve this?","Suresh faced west; shadow fell east, indicating sunrise in morning.",53.0,10.0,True,False,2238.2576998788863,2245.1847998891026,351.0,1894.1847998891026,1876.687211217872,True,0.06440002471208572,0.0,132.0,14.0,False,end_turn,B_stream_monitor,"{'mean': 0.052209990099072456, 'min': 0.04870002157986164, 'max': 0.06440002471208572, 'count': 10, 'p50': 0.05024997517466545, 'p90': 0.05755997262895107, 'p95': 0.06097999867051839, 'p99': 0.06371601950377226}",0.0,,0.0,0.0,132.0,14.0,1.0,True,,
89774116,reasoning,Medium,"Parents have complained to the principal about bullying during recess. The principal wants to quickly resolve this, instructing recess aides to be vigilant. Which situation should the aides report to the principal?
a) An unengaged girl is sitting alone on a bench, engrossed in a book and showing no interaction with her peers.
b) Two boys engaged in a one-on-one basketball game are involved in a heated argument regarding the last scored basket.
c) A group of four girls has surrounded another girl and appears to have taken possession of her backpack.
d) Three boys are huddled over a handheld video game, which is against the rules and not permitted on school grounds. If the aides confront the group of girls from situation (c) and they deny bullying, stating that they were merely playing a game, what specific evidence should the aides look for to determine if this is a likely truth or a cover-up for bullying?","Look for signs of playfulness, not intimidation or control over victim.",157.0,11.0,True,False,1405.3319999948144,1413.8617999851704,434.0,979.8617999851704,1524.06856136113,True,0.06369990296661854,0.0,252.0,14.0,False,end_turn,B_stream_monitor,"{'mean': 0.053012510761618614, 'min': 0.04930002614855766, 'max': 0.06369990296661854, 'count': 8, 'p50': 0.05094998050481081, 'p90': 0.05886994767934084, 'p95': 0.06128492532297969, 'p99': 0.06321690743789077}",1.0,,0.0,0.0,252.0,14.0,1.0,True,,
36918905,extraction,Medium,"Given the following records of stock prices, extract the highest and lowest closing prices for each month in the year 2022. Return the results as a CSV string, with one line allocated for each month.
Date,Open,High,Low,Close,Volume
2022-01-01,150.02,155.28,148.50,153.80,15678900
2022-01-02,154.32,157.25,153.48,156.25,19874500
2022-02-01,160.50,163.28,159.50,161.80,14326700
2022-02-02,161.80,164.25,161.30,163.90,17689200
2022-03-01,165.40,168.35,163.10,166.80,16253400
2022-03-02,167.00,169.85,165.50,168.20,19568100 Do the same task again with the JSON format and round all numbers in your response to the nearest integers.","CSV and JSON monthly high/low stock prices 2022, rounded.",62.0,9.0,True,False,2615.829100133851,3133.051099954173,385.0,2748.051099954173,32.86789812866747,True,90.44780000112951,0.0,432.0,18.0,False,end_turn,B_stream_monitor,"{'mean': 11.48116248077713, 'min': 0.06739981472492218, 'max': 90.44780000112951, 'count': 8, 'p50': 0.10285002645105124, 'p90': 27.713030087761567, 'p95': 59.0804150444455, 'p99': 84.17432300979269}",-1.0,,0.0,0.0,432.0,18.0,1.0,True,,
67710207,stem,Medium,Consider a satellite that is in a circular orbit around the Earth. The speed of the satellite decreases. What will happen to the satellite's orbital radius and period of revolution? Please justify your answer using principles of physics. What are some corner cases or edge cases in your solution? How do you handle them?,"Satellite's orbit shrinks, period shortens; energy loss causes descent.",54.0,9.0,True,False,1480.5199999827892,1924.8652998358011,387.0,1537.8652998358011,36.008032503759466,True,435.14550011605024,1.0,131.0,17.0,False,end_turn,B_stream_monitor,"{'mean': 36.31284165506562, 'min': 0.04850002005696297, 'max': 435.14550011605024, 'count': 12, 'p50': 0.05094998050481081, 'p90': 0.07452997379004955, 'p95': 195.8568900474344, 'p99': 387.28777810232737}",-1.0,,0.0,0.0,131.0,17.0,1.0,True,,
80635012,stem,Medium,"Photosynthesis is a vital process for life on Earth. Could you outline the two main stages of photosynthesis, including where they take place within the chloroplast, and the primary inputs and outputs for each stage? How much energy can a tree produce through photosynthesis in its lifetime? Please provide an estimate using actual numerical values and thoroughly explain your thought process step-by-step.","Photosynthesis stages: light, dark reactions; energy estimate unclear.",62.0,8.0,True,False,2746.301299892366,2753.1414998229593,392.0,2361.1414998229593,1900.5292435761128,True,0.06769993342459202,0.0,144.0,14.0,False,end_turn,B_stream_monitor,"{'mean': 0.0530000077560544, 'min': 0.04900014027953148, 'max': 0.06769993342459202, 'count': 10, 'p50': 0.05024997517466545, 'p90': 0.058790179900825024, 'p95': 0.06324505666270851, 'p99': 0.06680895807221532}",-2.0,,0.0,0.0,144.0,14.0,1.0,True,,
30694245,stem,Medium,"Describe the process and write out the balanced chemical equation for the reaction that occurs when solid calcium carbonate reacts with hydrochloric acid to form aqueous calcium chloride, carbon dioxide, and water. What type of reaction is this, and what observations might indicate that the reaction is taking place? How can we reverse this process?","Calcium carbonate reacts with acid to form gas, water, and salt; reversed",55.0,12.0,True,True,1873.1706000398844,1881.4626999665052,,,1688.353990411379,True,0.07219985127449036,0.0,0.0,15.0,False,max_tokens,B_stream_monitor,"{'mean': 0.05785999819636345, 'min': 0.049800146371126175, 'max': 0.07219985127449036, 'count': 5, 'p50': 0.05360017530620098, 'p90': 0.06875991821289062, 'p95': 0.07047988474369049, 'p99': 0.07185585796833038}",2.0,,0.0,0.0,0.0,15.0,1.0,True,,
11060974,stem,Medium,"The city of Vega intends to build a bridge that will span the Vegona River, covering a distance of 1.8 kilometers. The proposed location falls within a seismically active area that has experienced several high-magnitude earthquakes. Given these circumstances, what would be the best approach to constructing the bridge? What are the key disadvantages or flaws of your solution? Please perform calculations and use numbers to illustrate them.","Seismic-resistant design, high costs, complex calculations, durability concerns.",68.0,8.0,True,False,2653.227699920535,2663.398099830374,499.0,2164.398099830374,1376.543707632985,True,0.06509991362690926,0.0,151.0,15.0,False,end_turn,B_stream_monitor,"{'mean': 0.052209990099072456, 'min': 0.0483999028801918, 'max': 0.06509991362690926, 'count': 10, 'p50': 0.04994997289031744, 'p90': 0.05808006972074509, 'p95': 0.061589991673827164, 'p99': 0.06439792923629284}",-2.0,,0.0,0.0,151.0,15.0,1.0,True,,
14343420,stem,Medium,"You have been tasked with designing a solar-powered water heating system for a residential building. Describe the key components and considerations you would include in your design. Design a five-step workflow. If the system is intended for a building with a capacity of 100 individuals, what would be the estimated budget for implementing this system?","Estimated budget for solar water heating system for 100 people: $100,000-$200,00",55.0,11.0,True,False,2657.4972001835704,2729.5762000139803,356.0,2373.5762000139803,402.3363263673506,True,50.40670000016689,0.0,136.0,30.0,True,max_tokens,B_stream_monitor,"{'mean': 10.037671408749052, 'min': 0.04730001091957092, 'max': 50.40670000016689, 'count': 7, 'p50': 0.06019999273121357, 'p90': 31.871499959379445, 'p95': 41.13909997977314, 'p99': 48.55317999608813}",1.0,,0.0,0.0,136.0,30.0,1.0,True,,
24063625,stem,Medium,"Please describe the concept of machine learning. Could you elaborate on the differences between supervised, unsupervised, and reinforcement learning? Provide real-world examples of each. In your last example of reinforcement learning, can we use supervised learning to solve it?","Machine learning types: supervised, unsupervised, reinforcement; real-world examples vary.",39.0,9.0,True,False,2573.6188001465052,2636.6823001299053,312.0,2324.6823001299053,253.71252791569768,True,44.48449984192848,0.0,117.0,17.0,False,end_turn,B_stream_monitor,"{'mean': 9.121879981830716, 'min': 0.05639996379613876, 'max': 44.48449984192848, 'count': 5, 'p50': 0.06860005669295788, 'p90': 27.065299917012457, 'p95': 35.77489987947046, 'p99': 42.74257984943688}",-1.0,,0.0,0.0,117.0,17.0,1.0,True,,
62739310,humanities,Medium,"Create a lesson plan that integrates drama, mime or theater techniques into a history class. Duration: 3 class periods (each lasts for 45 minutes) for 3 days
Topic: Opium Wars between China and Britain
Grade level: 9-10 Provide more details for Day 1 and include three homework questions.",Day 1: Drama reenacts Opium Wars; homework: 3 questions on causes.,48.0,11.0,True,False,1851.5882000792772,2304.822500096634,350.0,1954.822500096634,39.71455823028107,True,444.0468999091536,1.0,138.0,19.0,False,end_turn,B_stream_monitor,"{'mean': 44.45372000336647, 'min': 0.049999915063381195, 'max': 444.0468999091536, 'count': 10, 'p50': 0.05250005051493645, 'p90': 44.46355002000912, 'p95': 244.25522496458095, 'p99': 404.0885649202392}",1.0,,0.0,0.0,138.0,19.0,1.0,True,,
26014682,writing,High,"Edit the following paragraph to correct any grammatical errors:
She didn't remembre where is her purse, so I thinks its in the car but he's say it's on kitchen table but he are not sure, and then they asked me to looking for it, she's say, ""Can you?"", and I responds with, ""Maybe, but ain't no sure,"" and he not heard me, and, ""What?"", he asks, ""Did you found it?"". Modify your earlier reply and eliminate the use of gendered pronouns.","They didn't remember where purse is, so thinks its in car, but says",81.0,13.0,False,True,1005.386299919337,1476.8964999821037,,,31.81267340134577,True,464.665399864316,1.0,0.0,16.0,False,max_tokens,B_stream_monitor,"{'mean': 77.4950166620935, 'min': 0.052099814638495445, 'max': 464.665399864316, 'count': 6, 'p50': 0.06375007797032595, 'p90': 232.36774990800768, 'p95': 348.51657488616183, 'p99': 441.4356348686852}",3.0,,0.0,0.0,0.0,16.0,1.0,True,,
22339468,math,High,"The vertices of a triangle are at points (0, 0), (-1, 1), and (3, 3). What is the area of the triangle? What's area of the circle circumscribing the triangle?","Triangle area 0, circle circumscribing undefined; no circumcircle.",30.0,8.0,True,False,2299.5829000137746,2808.380899950862,384.0,2424.380899950862,27.515831433557317,True,423.0277999304235,1.0,117.0,15.0,False,end_turn,B_stream_monitor,"{'mean': 55.70965555186073, 'min': 0.13810000382363796, 'max': 423.0277999304235, 'count': 9, 'p50': 0.1884999219328165, 'p90': 144.49507994577294, 'p95': 283.7614399380981, 'p99': 395.17452793195844}",-2.0,,0.0,0.0,117.0,15.0,1.0,True,,
82969860,math,High,"A tech startup invests $8000 in software development in the first year, and then invests half of that amount in software development in the second year.
What's the total amount the startup invested in software development over the two years? If the startup maintains the same strategy for the third year, investing half of the previous year's amount into software development, how much will they invest in the third year?","Startup spent $8000 first year, $4000 second, $2000 third year total.",70.0,11.0,True,False,1441.1527998745441,1564.8976999800652,326.0,1238.8976999800652,210.10966898699664,True,68.2059999089688,0.0,153.0,27.0,False,end_turn,B_stream_monitor,"{'mean': 8.828474994516, 'min': 0.08490006439387798, 'max': 68.2059999089688, 'count': 8, 'p50': 0.15540001913905144, 'p90': 21.24159988015889, 'p95': 44.72379989456382, 'p99': 63.509559906087794}",1.0,,0.0,0.0,153.0,27.0,1.0,True,,
17722882,math,High,"In a survey conducted at a local high school, preferences for a new school color were measured: 58% of students liked the color blue, 45% preferred green, and 22% liked both colors. If we randomly pick a student from the school, what's the probability that they would like neither blue nor green? If we select a student liked green, what's the probability that he or she would dislike both colors?",Probability neither blue nor green is 23%; green lover dislikes both.,70.0,11.0,True,False,1855.5880000349134,1975.12560011819,332.0,1643.12560011819,125.48352978100743,True,83.21100007742643,0.0,161.0,16.0,False,end_turn,B_stream_monitor,"{'mean': 10.536100016906857, 'min': 0.05100015550851822, 'max': 83.21100007742643, 'count': 8, 'p50': 0.06350001785904169, 'p90': 25.456520030274973, 'p95': 54.33376005385067, 'p99': 77.43555207271126}",1.0,,0.0,0.0,161.0,16.0,1.0,True,,
35264271,math,High,"When rolling two dice, what is the probability that you roll a total number that is at least 3? Continue from previous question. What's the probability that you roll a number which is even or at least 3?",Probability of rolling even or at least 3 with two dice is 1,38.0,13.0,False,True,2583.828399889171,2676.5396997798234,,,161.7925756373996,True,91.38330002315342,0.0,0.0,16.0,False,max_tokens,B_stream_monitor,"{'mean': 15.29331668280065, 'min': 0.05310005508363247, 'max': 91.38330002315342, 'count': 6, 'p50': 0.06290001329034567, 'p90': 45.76260002795607, 'p95': 68.57295002555475, 'p99': 86.8212300236337}",3.0,,0.0,0.0,0.0,16.0,1.0,True,,
9170963,math,High,"Some people got on a bus at the terminal. At the first bus stop, half of the people got down and 4 more people got in. Then at the second bus stop, 6 people got down and 8 more got in. If there were a total of 25 people heading to the third stop, how many people got on the bus at the terminal? If the ticket is $2 per person, how much is the total money earned by the bus?",Total money earned: $50; initial passengers: 20 at terminal.,81.0,9.0,True,False,2265.566600020975,2274.2327000014484,399.0,1875.2327000014484,1961.66672878278,True,0.0608998816460371,0.0,165.0,18.0,False,end_turn,B_stream_monitor,"{'mean': 0.05059998948127031, 'min': 0.04369998350739479, 'max': 0.0608998816460371, 'count': 10, 'p50': 0.049900030717253685, 'p90': 0.05541015416383743, 'p95': 0.05815501790493726, 'p99': 0.060350908897817135}",-1.0,,0.0,0.0,165.0,18.0,1.0,True,,
27514636,math,High,"x+y = 4z, x*y = 4z^2, express x-y in z Express z-x in y","""z-x equals negative y, x-y equals 4z.""",14.0,7.0,False,False,2173.327599884942,2182.184499921277,325.0,1857.1844999212772,1806.5011385880834,True,0.07529999129474163,0.0,99.0,17.0,False,end_turn,B_stream_monitor,"{'mean': 0.058788909680313535, 'min': 0.05170004442334175, 'max': 0.07529999129474163, 'count': 9, 'p50': 0.055099837481975555, 'p90': 0.07218006066977978, 'p95': 0.0737400259822607, 'p99': 0.07498799823224545}",-3.0,,0.0,0.0,99.0,17.0,1.0,True,,
42252927,math,High,How many integers are in the solution of the inequality |x + 5| < 10 What about |x + 10| < 5,Integer solutions for |x + 5| < 10 are 5; for |x + 1,22.0,14.0,False,True,2583.5480999667197,2758.2231999840587,,,97.32354524664653,True,170.915300026536,0.0,0.0,18.0,False,max_tokens,B_stream_monitor,"{'mean': 19.30617779079411, 'min': 0.056900084018707275, 'max': 170.915300026536, 'count': 9, 'p50': 0.07109995931386948, 'p90': 35.15889998525384, 'p95': 103.03710000589484, 'p99': 157.33966002240777}",4.0,,0.0,0.0,0.0,18.0,1.0,True,,
75477827,math,High,"When a number is divided by 10, the remainder is 4. What is the remainder when twice the number is divided by 4? What about when twice the number is divided by 5?",Remainder of twice number by 4 is 0; by 5 is 3,33.0,12.0,True,True,2564.029699889943,2621.9840000849217,,,241.5696497567749,True,55.69599987939,0.0,0.0,15.0,False,max_tokens,B_stream_monitor,"{'mean': 9.521516699654361, 'min': 0.055099837481975555, 'max': 55.69599987939, 'count': 6, 'p50': 0.06805011071264744, 'p90': 28.439900022931397, 'p95': 42.0679499511607, 'p99': 52.97038989374415}",2.0,,0.0,0.0,0.0,15.0,1.0,True,,
48989963,math,High,"Benjamin went to a bookstore and purchased a variety of books. He bought 5 copies of a sci-fi novel, each priced at $20, 3 copies of a history book priced at $30 each, and 2 copies of a philosophy book for $45 each.
What was the total cost of his purchases? Suppose Benjamin decides to sell each of these books at a 25% markup from the price he purchased them. What would be his total revenue if he sold all the books he bought?",Total cost: $20*5 + $30*3 + $45*2; revenue: 25% markup.,84.0,10.0,True,False,2314.3370000179857,3631.3712999690324,391.0,3240.3712999690324,22.01916837023752,True,901.0731999296695,1.0,175.0,30.0,False,end_turn,B_stream_monitor,"{'mean': 90.22971999365836, 'min': 0.05219993181526661, 'max': 901.0731999296695, 'count': 10, 'p50': 0.08969998452812433, 'p90': 90.60736002866146, 'p95': 495.8402799791647, 'p99': 820.0266159395688}",0.0,,0.0,0.0,175.0,30.0,1.0,True,,
92837357,math,High,"Given that f(x) = 4x^3 - 9x - 14, find the value of f(2). Find x such that f(x) = 0.",Find f(2) and x where f(x) equals zero.,21.0,8.0,True,False,2222.5546000991017,2230.712099932134,349.0,1881.7120999321342,1838.7986891841422,True,0.06019999273121357,0.0,110.0,16.0,False,end_turn,B_stream_monitor,"{'mean': 0.051666672031084694, 'min': 0.047900015488266945, 'max': 0.06019999273121357, 'count': 6, 'p50': 0.04964997060596943, 'p90': 0.05709996912628412, 'p95': 0.058649980928748846, 'p99': 0.059889990370720625}",-2.0,,0.0,0.0,110.0,16.0,1.0,True,,
56561594,coding,High,Develop a Python program that reads all the text files under a directory and reprompt top-5 words with the most number of occurrences. Can you parallelize it?,Parallelize Python program to count top 5 words in text files.,27.0,11.0,True,False,1403.8893999531865,1413.2411000318825,362.0,1051.2411000318825,1497.0539989721462,True,0.08349982090294361,0.0,102.0,15.0,False,end_turn,B_stream_monitor,"{'mean': 0.05725999362766743, 'min': 0.04340009763836861, 'max': 0.08349982090294361, 'count': 5, 'p50': 0.05419994704425335, 'p90': 0.07421993650496006, 'p95': 0.07885987870395184, 'p99': 0.08257183246314526}",1.0,,0.0,0.0,102.0,15.0,1.0,True,,
3583619,coding,High,"Write a C++ program to find the nth Fibonacci number using recursion. Now we define a sequence of numbers in which each number is the sum of the three preceding ones. The first three numbers are 0, -1, -1. Write a program to find the nth number.",Program finds nth number in sequence where each is sum of three,47.0,12.0,True,True,1852.9797999653965,1862.2789999935776,,,1505.505845403177,True,0.06270012818276882,0.0,0.0,15.0,False,max_tokens,B_stream_monitor,"{'mean': 0.054242887667247226, 'min': 0.05059991963207722, 'max': 0.06270012818276882, 'count': 7, 'p50': 0.0521000474691391, 'p90': 0.05886009894311428, 'p95': 0.060780113562941544, 'p99': 0.06231612525880337}",2.0,,0.0,0.0,0.0,15.0,1.0,True,,
34377376,coding,High,"Write a simple website in HTML. When a user clicks the button, it shows a random joke from a list of 4 jokes. How to use CSS to change the color of jokes to red?",Use CSS to set joke color to red; button triggers random joke display,35.0,13.0,False,True,2741.403300082311,3278.4368998836726,,,27.931213252854594,True,529.0947000030428,1.0,0.0,16.0,False,max_tokens,B_stream_monitor,"{'mean': 75.63234283588827, 'min': 0.04979991354048252, 'max': 529.0947000030428, 'count': 7, 'p50': 0.05250005051493645, 'p90': 211.67939989827593, 'p95': 370.38704995065893, 'p99': 497.3531699925658}",3.0,,0.0,0.0,0.0,16.0,1.0,True,,
46306085,coding,High,"Here is a Python function to find the length of the longest common subsequence of two input strings. Can you identify any bug in this function?

```
def longest_common_subsequence_length(str1, str2):
    m = len(str1)
    n = len(str2)

    dp = [[0] * (n + 1) for _ in range(m + 1)]

    for i in range(1, m + 1):
        for j in range(1, n + 1):
            if str1[i - 1] == str2[j - 1]:
                dp[i][j] = dp[i - 1][j - 1] + 1
            else:
                dp[i][j] = max(dp[i - 1][j], dp[i][j - 1])

    return dp[m][n]
``` what about this one?

```
def longest_common_subsequence(X , Y): 
    # Find lengths of two strings 
    m = len(X) 
    n = len(Y) 
  
    # Create a table to store results of sub-problems 
    dp = [[None]*(n+1) for i in range(m+1)] 
  
    # Fill dp[][] in bottom up manner 
    for i in range(1, m+1): 
        for j in range(1, n+1): 
            if X[i-1] == Y[j-1]: 
                dp[i][j] = dp[i-1][j-1]+1
            else: 
                dp[i][j] = max(dp[i-1][j], dp[i][j-1]) 
  
    return dp[m][n]
```","Bug: `dp` table initialized with `None`, not zero.",161.0,8.0,True,False,1513.3223000448197,1977.655699942261,393.0,1584.655699942261,30.150749446609318,True,455.00019984319806,1.0,481.0,15.0,False,end_turn,B_stream_monitor,"{'mean': 56.92601250484586, 'min': 0.05219993181526661, 'max': 455.00019984319806, 'count': 8, 'p50': 0.05625002086162567, 'p90': 136.5484300768002, 'p95': 295.77431495999895, 'p99': 423.15502286655817}",-2.0,,0.0,0.0,481.0,15.0,1.0,True,,
50530142,coding,High,Write a function to find the highest common ancestor (not LCA) of two nodes in a binary tree. What if it is not a binary tree?,"Find highest common ancestor in tree, not binary; no unique ancestor.",26.0,11.0,True,False,2318.025599932298,2763.657399918884,341.0,2422.657399918884,31.416070398076204,True,436.81570002809167,1.0,100.0,15.0,False,end_turn,B_stream_monitor,"{'mean': 72.853016667068, 'min': 0.05310005508363247, 'max': 436.81570002809167, 'count': 6, 'p50': 0.06320001557469368, 'p90': 218.44189998228103, 'p95': 327.62880000518635, 'p99': 414.97832002351066}",1.0,,0.0,0.0,100.0,15.0,1.0,True,,
65906068,coding,High,Implement a function to find the median of two sorted arrays of different sizes with O(1) space complexity and O(n) time complexity. Does there exist an implementation with better time complexity?,"Median finding algorithm exists with O(log(min(n, m))) time complexity.",31.0,9.0,True,False,2593.7123000621796,2714.285100111738,357.0,2357.285100111738,149.28740140895437,True,73.48749996162951,0.0,108.0,19.0,False,end_turn,B_stream_monitor,"{'mean': 8.310355556507906, 'min': 0.05730008706450462, 'max': 73.48749996162951, 'count': 9, 'p50': 0.06809993647038937, 'p90': 15.365019859746111, 'p95': 44.426259910687776, 'p99': 67.67525195144117}",-1.0,,0.0,0.0,108.0,19.0,1.0,True,,
24433994,coding,High,Write a function to find the majority element in a given integer array using the Boyer-Moore Voting Algorithm. How about finding the top-2 most occurring elements?,Find top-2 elements using modified Boyer-Moore Voting Algorithm.,26.0,8.0,True,False,1080.2694999147207,1515.2831999585032,330.0,1185.2831999585032,29.88411629034119,True,429.5675999019295,1.0,101.0,14.0,False,end_turn,B_stream_monitor,"{'mean': 107.44029999477789, 'min': 0.059499870985746384, 'max': 429.5675999019295, 'count': 4, 'p50': 0.06705010309815407, 'p90': 300.7186499889941, 'p95': 365.1431249454616, 'p99': 416.68270491063583}",-2.0,,0.0,0.0,101.0,14.0,1.0,True,,
19673382,coding,High,A binary tree is full if all of its vertices have either zero or two children. Let B_n denote the number of full binary trees with n vertices. Implement a function to find B_n. What if the problem changed from a binary tree to a ternary tree?,"Ternary tree count uses Catalan numbers, modified for ternary.",47.0,9.0,True,False,2314.126699930057,2433.8791999034584,361.0,2072.8791999034584,100.20667629206368,True,69.46219992823899,0.0,124.0,13.0,False,end_turn,B_stream_monitor,"{'mean': 8.877687505446374, 'min': 0.12360000982880592, 'max': 69.46219992823899, 'count': 8, 'p50': 0.1471999567002058, 'p90': 21.34258998557924, 'p95': 45.402394956909085, 'p99': 64.650238933973}",-1.0,,0.0,0.0,124.0,13.0,1.0,True,,
23836768,coding,High,"You are given two sorted lists of size m and n. Implement a function to find the kth smallest element in the union of the two lists with linear complexity. Does there exist an algorithm with better time complexity? If so, implement it.","Merge two sorted lists, find kth smallest in O(log(min(m,n))).",43.0,9.0,True,False,1446.6127001214772,1567.857600050047,350.0,1217.857600050047,164.95539203531692,True,91.03909996338189,0.0,118.0,21.0,False,end_turn,B_stream_monitor,"{'mean': 11.810539988800883, 'min': 0.06649992428719997, 'max': 91.03909996338189, 'count': 10, 'p50': 0.17865002155303955, 'p90': 30.301430053077613, 'p95': 60.67026500822969, 'p99': 84.96533297235148}",-1.0,,0.0,0.0,118.0,21.0,1.0,True,,
73474718,coding,High,"Implement a program to find the common elements in two arrays without using any extra data structures. Now the constraint of not using extra data structure is removed, implement one with the best time complexity.",Use hash set for O(1) average time complexity lookup.,35.0,9.0,True,False,1062.3347000218928,1176.5783000737429,357.0,819.5783000737429,113.79193227541744,True,54.62710000574589,0.0,107.0,14.0,False,end_turn,B_stream_monitor,"{'mean': 7.922142877110413, 'min': 0.1238000113517046, 'max': 54.62710000574589, 'count': 7, 'p50': 0.13800011947751045, 'p90': 21.950319921597856, 'p95': 38.28870996367182, 'p99': 51.359421997331054}",-1.0,,0.0,0.0,107.0,14.0,1.0,True,,
97281954,extraction,High,"Evaluate the following movie reviews on a scale of 1 to 5, with 1 being very negative, 3 being neutral, and 5 being very positive:
1. This movie released on Nov. 18, 2019, was phenomenal. The cinematography, the acting, the plot - everything was top-notch.
2. Never before have I been so disappointed with a movie. The plot was predictable and the characters were one-dimensional. In my opinion, this movie is the worst one to have been released in 2022.
3. The movie was okay. There were some parts I  enjoyed, but there were also parts that felt lackluster. This is a movie that was released in Feb 2018 and seems to be quite ordinary.
Return the answer as a JSON array of integers. Update your previous reply by including the release date as part of the JSON content.","[{""rating"":5,""releaseDate"":""Nov. 18, 2019""},{""rating"":1,""releaseDate"":""202",139.0,3.0,False,False,2341.5535998065025,2773.931499803439,423.0,2350.931499803439,67.07095806748097,True,424.2435998748988,1.0,256.0,30.0,True,max_tokens,B_stream_monitor,"{'mean': 38.61615455455401, 'min': 0.04939991049468517, 'max': 424.2435998748988, 'count': 11, 'p50': 0.050800153985619545, 'p90': 0.06510014645755291, 'p95': 212.15435001067817, 'p99': 381.82574990205484}",-7.0,,0.0,0.0,256.0,30.0,1.0,True,,
96536319,extraction,High,"Given these categories - Literature, History, Science, and Art. Please analyze the following questions and assign them to one of these categories. In your response, refrain from uttering any extraneous words. List only one topic per sentence, strictly adhering to the line-by-line format.
1. Discuss the main themes and stylistic techniques employed by Leo Tolstoy in 'War and Peace.' How do they align with the wider social context of 19th-century Russia?
2. Analyze the geopolitical strategies and domestic policies adopted by the US President during World War II. How did these actions shape the post-war international order?
3. Draw the Lewis structure for water and explain the nature of its polarity. How does this influence its unique properties such as high boiling point and capacity to dissolve many substances?
4. Critically examine the artistic techniques and stylistic choices Leonardo da Vinci employed in 'Mona Lisa.' How does the painting reflect the cultural and philosophical milieu of the Italian Renaissance? Amend your earlier answer by mentioning a person who is most relevant to each point.","1. Literature; Leo Tolstoy's 'War and Peace' themes, techniques, 19th-century Russia.
2. History",174.0,13.0,False,True,1101.9256999716163,1527.476199902594,,,35.24846052920376,True,416.22589994221926,1.0,0.0,16.0,False,max_tokens,B_stream_monitor,"{'mean': 41.66931000072509, 'min': 0.048800138756632805, 'max': 416.22589994221926, 'count': 10, 'p50': 0.050999922677874565, 'p90': 41.676320089027136, 'p95': 228.95111001562282, 'p99': 378.7709419569001}",3.0,,0.0,0.0,0.0,16.0,1.0,True,,
34830845,extraction,High,"Extract the following information from the presented texts: The name of the book, the author, the main character, the year of publication. Output in the format of ""main character, book, author, year of publication"", one book per line.
a) In the realm of wizarding literature, a true standout is the work of J.K. Rowling. One of her books that left an indelible mark is 'Harry Potter and the Philosopher's Stone'. This iconic tale, published in 1997, tells the story of Harry, a young orphan who discovers his magical abilities on his 11th birthday. Soon, he finds himself at the Hogwarts School of Witchcraft and Wizardry, a place teeming with magic and adventure, located somewhere in Scotland.
b) The magic of Middle-earth has entranced readers worldwide, thanks to the brilliance of J.R.R. Tolkien. In one of his seminal works, 'The Lord of the Rings: The Fellowship of the Ring', published in 1954, we meet Frodo Baggins, a brave hobbit tasked with the perilous quest of destroying the One Ring. The epic journey takes him from the peaceful Shire to the tumultuous regions of Middle-earth.
c) In a galaxy far, far away, the imagination of L.E. Starlighter gives us 'The Prism Galaxy Chronicles: The Awakening of the Starcaster'. Published in 2028, the story is about Zylo, a humble spaceship mechanic, who unexpectedly discovers he's a Starcaster - a rare individual with the power to manipulate stardust. Set against the backdrop of an interstellar empire in turmoil, Zylo's destiny unfolds on numerous alien worlds, each with its unique cosmic charm. Reformulate your earlier reply, output it in JSON format and only include books published after 1980.","[
  ""Harry, Harry Potter and the Philosopher's Stone, J.K. Rowling, 1997"",
  ""Fr",273.0,12.0,True,True,2237.489400198683,2246.918700169772,,,1484.7337599742805,True,0.11849985457956791,0.0,0.0,15.0,False,max_tokens,B_stream_monitor,"{'mean': 0.05932222120463848, 'min': 0.04830001853406429, 'max': 0.11849985457956791, 'count': 9, 'p50': 0.0513000413775444, 'p90': 0.07521999068558217, 'p95': 0.09685992263257501, 'p99': 0.11417186819016933}",2.0,,0.0,0.0,0.0,15.0,1.0,True,,
37403084,extraction,High,"Given the following data, identify the company with the highest profit in 2021 and provide its CEO's name:
a) Company X, with CEO Amy Williams, reported $30 billion in revenue and a $3 billion profit in 2021.
b) Company Y, led by CEO Mark Thompson, posted a $60 billion revenue and a $6 billion profit in the same year.
c) Company Z, under CEO Sarah Johnson, announced a $20 billion revenue and a $7 billion profit in 2021.
d) Company W, managed by CEO James Smith, revealed a $300 billion revenue with a $21 billion profit in 2021.
e) Company V, with CEO Lisa Brown, reported a $200 billion revenue and a $25 billion profit in 2021.
f) Company U, under CEO John White, posted a $180 billion revenue and a $20 billion profit in the same year. Which company had the highest profit margin (profit/revenue ratio))?",Company V had highest profit margin in 2021.,147.0,8.0,True,False,2598.1799999717623,2655.034099938348,325.0,2330.034099938348,228.65545330311053,True,53.298600018024445,0.0,292.0,14.0,False,end_turn,B_stream_monitor,"{'mean': 13.372600020375103, 'min': 0.057900091633200645, 'max': 53.298600018024445, 'count': 4, 'p50': 0.0669499859213829, 'p90': 37.329419958405204, 'p95': 45.3140099882148, 'p99': 51.701682012062506}",-2.0,,0.0,0.0,292.0,14.0,1.0,True,,
48344673,extraction,High,"Identify the countries, their capitals, and the languages spoken in the following sentences. Output in JSON format.
a) Amidst the idyllic vistas, Copenhagen, Denmark's capital, captivates visitors with its thriving art scene and the enchanting Danish language spoken by its inhabitants.
b) Within the enchanting realm of Eldoria, one discovers Avalore, a grandiose city that emanates an ethereal aura. Lumina, a melodious language, serves as the principal mode of communication within this mystical abode.
c) Nestled amidst a harmonious blend of age-old customs and contemporary wonders, Buenos Aires, the capital of Argentina, stands as a bustling metropolis. It is a vibrant hub where the expressive Spanish language holds sway over the city's inhabitants. Come up with 3 similar examples in the YAML format.","```yaml
- country: Eldoria, capital: Avalore, language: Lumina
- country: Denmark, capital: Copenhagen",123.0,13.0,False,True,1822.3733000922948,1831.2299000099301,,,1693.652207336576,True,0.060300109907984734,0.0,0.0,16.0,False,max_tokens,B_stream_monitor,"{'mean': 0.05158998537808657, 'min': 0.04730001091957092, 'max': 0.060300109907984734, 'count': 10, 'p50': 0.049900030717253685, 'p90': 0.05885988939553499, 'p95': 0.05957999965175986, 'p99': 0.06015608785673976}",3.0,,0.0,0.0,0.0,16.0,1.0,True,,
42813505,extraction,High,"Please read the paragraph below and count how many times the words ""Amazon"", ""river"", and ""you"" appear. Please present the results in the format of ""word, number of appearances"" with each word on a separate line. Sort the lines in order of the number of appearances.
The Amazon, a mesmerizing expanse of nature's wonders, is home to the legendary Amazon River. Flowing through awe-inspiring landscapes like the Amazon rainforest, the river weaves its way through Brazil, Colombia, and Peru, giving life to countless creatures. From the mighty jaguars prowling the Amazon jungle to the vibrant macaws soaring above the canopy, this remarkable region teems with biodiversity. Deep within the river's currents, magnificent pink river dolphins gracefully glide alongside piranhas and electric eels. Along the riverbanks, you'll find bustling cities like Manaus, where the urban meets the wild, and Iquitos, a gateway to the heart of the Amazon rainforest. As you venture further, the Amazon River reveals hidden gems like the captivating Anavilhanas Archipelago, a mosaic of islands brimming with rare species. Embark on an adventure, explore the enchanting Amazon River, and immerse yourself in a world teeming with life and untamed beauty. Please repeat the same task using the words 'the', 'and', and 'to'","Amazon, 1; river, 2; you, 1; the, 10; and, 5; to, 3",204.0,12.0,True,True,2711.50549990125,2718.687599990517,,,1949.2905732296795,True,0.10829977691173553,0.0,0.0,15.0,False,max_tokens,B_stream_monitor,"{'mean': 0.05540833808481693, 'min': 0.04779989831149578, 'max': 0.10829977691173553, 'count': 12, 'p50': 0.04880002234131098, 'p90': 0.06532014813274145, 'p95': 0.0855299877002835, 'p99': 0.10374581906944516}",2.0,,0.0,0.0,0.0,15.0,1.0,False,,
41972921,extraction,High,"Identify the named entities (people, organizations, locations) mentioned in the given news article. Please generate a JSON dictionary that lists the named entities in three separate groups based on their entity types. The key is the type of entity and the value is a list of strings.

Yesterday, Adamson Emerson, the CEO of Faraday, and Dieter Zetsche, the CEO of Daimler AG, announced plans to build a new Gigafactory in Berlin. The facility will be a joint venture between Faraday and Daimler, producing electric vehicles and battery packs for both companies, creating thousands of job opportunities in the region. Emerson and Zetsche stated that the strategic location of Berlin, coupled with its skilled workforce and strong infrastructure, makes it an ideal choice for expansion. The new Gigafactory aims to meet the growing demand for electric vehicles in Europe and contribute to a sustainable future. Volkswagen CEO Herbert Diess welcomed the news, saying greater collaboration will benefit the auto industry's transition to e-mobility. Now make the JSON object shorter by replacing each value with its first letter. Please output everything in a single line without using indentation or creating new lines.","{""people"":[""E"",""D""],""organizations"":[""F"",""D"",""V""],""locations"":[""B""]}",190.0,1.0,False,False,1458.159300033003,1467.6957000046968,422.0,1045.6957000046968,2097.227471515943,True,0.0654000323265791,0.0,292.0,21.0,False,end_turn,B_stream_monitor,"{'mean': 0.04926364106888121, 'min': 0.04150019958615303, 'max': 0.0654000323265791, 'count': 11, 'p50': 0.04939991049468517, 'p90': 0.05650008097290993, 'p95': 0.06095005664974451, 'p99': 0.06451003719121218}",-9.0,,0.0,0.0,292.0,21.0,1.0,True,,
68335013,extraction,High,"Analyze the following customer reviews from different sources for three different smartphones - the latest iPhone, Samsung Galaxy, and Google Pixel - and provide an overall rating for each phone on a scale of 1 to 10. Consider the following complex and contradictory reviews:
- TechRadar's review of the latest iPhone: The new iPhone is a stunning triumph of engineering that sets a new bar for smartphone performance and camera quality. However, the incremental design and high price mean it lacks the 'wow' factor of previous iPhones. Still, its power and intelligence are unrivaled.
- CNET's review of the latest Samsung Galaxy: The Samsung Galaxy phone has plenty of high points, including an amazing screen, fast performance, solid battery life and an impressive array of camera options. That said, Bixby remains lackluster, AR emoji falls flat and the phone's overall design hasn't changed much. The new Galaxy is an amazing phone overall, but it has a few nagging weaknesses that keep it from achieving true greatness.
- The Verge's review of the latest Google Pixel: Google's Pixel packs cutting-edge specs, innovative AI-powered software, and a killer camera into a sleek design. However, the phone has lackluster battery life, lacks expandable storage, and its performance stutters at times, especially considering its high price tag. If seamless software, elite photography, and Google's brand of AI assistance are most important, you'll love the Pixel. But the overall experience isn't as well-rounded as some competitors. Return the answer as a JSON object with the overall ratings for each phone out of 10, to one decimal place. Can you change the ratings from numbers to letters? Capital letters MUST be used when writing the names of phones.","{ ""IPHONE"": ""A"", ""SAMSUNG"": ""B"", ""PIXEL"": ""C"" }",282.0,8.0,True,False,2333.6513000540435,2341.9506000354886,398.0,1943.9506000354886,2771.3180691650623,True,0.06569991819560528,0.0,422.0,24.0,False,end_turn,B_stream_monitor,"{'mean': 0.05458887769944138, 'min': 0.048900023102760315, 'max': 0.06569991819560528, 'count': 9, 'p50': 0.05279993638396263, 'p90': 0.06434000097215176, 'p95': 0.06501995958387852, 'p99': 0.06556392647325993}",-2.0,,0.0,0.0,422.0,24.0,1.0,True,,
51413464,extraction,High,"Given a set of complex equations, extract all unique variable names from each equation. Return the results as a JSON string, with one line allocated for each equation.
```
1) y = (3/4)x^3 - e^(2x) + sin(pi*x) - sqrt(7)
2) 2A - B/(3+C) * sum(N=1 to 5; ln(N)^2) = 5D*integral(a=0 to pi; cos(comb(N=1 to 10; N*a)))
3) E = m(c^2) + gamma*(v/d)/(-(alpha/2) + sqrt(beta^2 + (alpha/2)^2))
``` Please rearrange the equations and use 'a', 'b', 'c', 'd', etc. as variables.","""{ ""1"": [""x""], ""2"": [""A"", ""B"", ""C"", ""D""], ""3"": [""E"", """,80.0,11.0,True,False,1493.7519999220967,1501.378000015393,412.0,1089.378000015393,3802.7799167604508,True,0.06250012665987015,0.0,259.0,30.0,True,max_tokens,B_stream_monitor,"{'mean': 0.0516818201338703, 'min': 0.0483999028801918, 'max': 0.06250012665987015, 'count': 11, 'p50': 0.0496001448482275, 'p90': 0.057399971410632133, 'p95': 0.05995004903525114, 'p99': 0.061990111134946346}",1.0,,0.0,0.0,259.0,30.0,1.0,True,,
30655190,humanities,High,"Describe five key principles in evaluating an argument in analytical writing. With the listed principles, write a response in which you discuss what specific evidence is needed to evaluate the argument and explain how the evidence would weaken or strengthen the argument.

===

The following is a memorandum from the advertising head of Zorblatt Animal Outlets, a chain operating thirty animal outlets globally.

""Half a decade ago, our rival Aquatic Pavilion started publicizing in Rare Pets Digest periodical. Their overall sales have been consistently growing at a rate of 3-to-5 percent each year since then. In particular, the Aquatic Pavilion outlet in Harbor Town experienced even more significant growth, securing the title of the most frequented animal store in the United States the previous year. In contrast, our two Zorblatt outlets in Harbor Town have recorded a consistent drop in sales during the same duration. It is evident that we must promptly start featuring our own advertisements in Rare Pets Digest and other popular animal publications. If we take this step, we can confidently anticipate a reversal in this recent trend of decreasing sales and return to profitability.""","Specific evidence needed: Sales data, advertisement impact, market trends, competitor strategies.",188.0,11.0,True,False,2266.5351999457926,2702.47650006786,295.0,2407.47650006786,36.70218902297135,True,426.81169998832047,1.0,284.0,17.0,False,end_turn,B_stream_monitor,"{'mean': 61.02792858811362, 'min': 0.05110003985464573, 'max': 426.81169998832047, 'count': 7, 'p50': 0.05560019053518772, 'p90': 170.79170001670732, 'p95': 298.8017000025135, 'p99': 401.2096999911589}",1.0,,0.0,0.0,284.0,17.0,1.0,True,,
