response,ttft_ms,e2e_latency_ms,avg_itl_ms,tps,input_tokens,output_tokens,chunk_count,prompt_id,category,complexity,prompt,error
"Aloha, fellow wanderers! A recent trip to Hawaii was an adventure of a lifetime. A paradise of stunning landscapes and rich cultural experiences awaits every traveler. A blend of ancient traditions and modern attractions makes this tropical destination unforgettable. A visit to the historic town of Lahaina was an absolute delight. A stroll through the town's charming streets revealed fascinating historical sites and vibrant local art. A must-see attraction was the Banyan Tree Park, home to an enormous, ancient tree with massive, sprawling roots. A hike up the Waimea Canyon, often called the ""Grand Canyon of the Pacific,"" offered awe-inspiring views of deep ravines and vibrant colors. A visit to the lush, green landscapes of Kauai was another highlight. A stop at the Waimea Valley provided a serene escape with beautiful waterfalls and botanical gardens. A cultural experience that stood out was attending a traditional Hawaiian luau. A feast of delicious local cuisine was followed by hula performances and fire shows, immersing us in the island's rich heritage. A visit to Pearl Harbor was a poignant reminder of history and resilience. A tour of the USS Arizona Memorial offered a respectful and moving tribute to those who lost their lives. A final highlight was exploring the vibrant town of Hilo. A visit to the Hawaii Volcanoes National Park was an unforgettable experience, witnessing the raw power of nature up close. A trip to Hawaii is a journey through both time and breathtaking scenery, leaving lasting memories for every visitor.",1531.1194999376312,3047.852799994871,5.124098986679864,195.15626114942506,37,296,172,44067482,writing,Low,"Compose an engaging travel blog post about a recent trip to Hawaii, highlighting cultural experiences and must-see attractions. Rewrite your previous response. Start every sentence with the letter A.",
"In quantum physics, **superposition** is a fundamental principle that describes a quantum system's ability to exist in multiple states or configurations simultaneously until it is measured. When a quantum system is in superposition, it means that it is not in a definite state but rather in a combination of all possible states, each with a certain probability. For example, an electron in a quantum system can be in a superposition of both spin-up and spin-down states until a measurement is made.

**Quantum entanglement** is a phenomenon where pairs or groups of particles become interconnected in such a way that the state of one particle instantaneously influences the state of another, no matter how far apart they are. This occurs because the entangled particles share a single quantum state, and measuring one particle's state immediately determines the state of the other, even if they are separated by large distances.

**Relationship between superposition and entanglement:**

1. **Superposition** allows a single quantum system to exist in multiple states at once.
2. **Entanglement** occurs when multiple quantum systems become linked in such a way that the state of one system cannot be described independently of the state of the other(s).

Entangled particles remain in a superposition of joint states until a measurement is made on one of the particles, which then collapses the superposition and determines the state of the entire system.

**Assumptions made in the response:**

1. **Assumption of Quantum Mechanics Framework:** The response assumes a foundational understanding of quantum mechanics, including concepts like wave functions, probability amplitudes, and measurement collapse.
2. **Assumption of Classical Communication:** It assumes that the communication between entangled particles does not involve classical information transfer, which aligns with the no-signaling principle in quantum mechanics.
3. **Assumption of Spatial Separation:** The response assumes that entangled particles can be spatially separated, which is a common scenario in experimental demonstrations of entanglement.

**Validity of Assumptions:**

1. **Quantum Mechanics Framework:** This is a valid assumption because the principles of superposition and entanglement are core concepts in quantum mechanics.
2. **No-Signaling Principle:** This is valid as per the current understanding of quantum mechanics, which prohibits faster-than-light communication through entanglement.
3. **Spatial Separation:** This is a valid assumption because entanglement is often demonstrated in experiments where particles are separated by significant distances.

These assumptions are consistent with the current scientific understanding of quantum physics and are widely accepted within the field.",1507.7225000131875,2965.940300025977,2.945894545480383,339.4554640573298,36,495,164,46091167,stem,Low,"In the field of quantum physics, what is superposition, and how does it relate to the phenomenon of quantum entanglement? What assumptions have you made in your response? Are they valid?",
